iter,eval_time,sf,qid,itype,prob,incremental,use_duckdb,is_scalar,prune,num_threads,distinct,batch,post_time,gen_time,prep_time,compile_time,prune_time
2,130.039,1.0,3,DELETE,0.01,True,,,False,-1,1,1,0,0.0,1508.729,0,0.0
2,21.815,1.0,10,DELETE,0.001,True,,,False,-1,1,1,0,0.0,512.327,0,0.0
2,62611.178,1.0,5,DELETE,0.4,True,,,False,-1,1,1,0,0.0,6272.479999999996,0,0.0
2,4361.242,1.0,9,DELETE,0.01,True,,,False,-1,1,1,0,0.0,33902.072,0,0.0
2,2043.434,1.0,7,DELETE,0.05,True,,,False,-1,1,1,0,0.0,4155.3369999999995,0,0.0
2,2.048,1.0,1,DELETE,0.005,True,,,False,-1,1,1,0,0.0,719.244,0,0.0
2,36592.395,1.0,9,DELETE,0.1,True,,,False,-1,1,1,0,0.0,33977.287000000004,0,0.0
2,141.45,1.0,1,DELETE,0.2,True,,,False,-1,1,1,0,0.0,735.825,0,0.0
2,11.052,1.0,1,DELETE,0.02,True,,,False,-1,1,1,0,0.0,732.018,0,0.0
2,96.72,1.0,10,DELETE,0.1,True,,,False,-1,1,1,0,0.0,515.365,0,0.0
2,23.009,1.0,10,DELETE,0.002,True,,,False,-1,1,1,0,0.0,512.591,0,0.0
2,47238.737,1.0,5,DELETE,0.3,True,,,False,-1,1,1,0,0.0,6286.570999999996,0,0.0
2,195.021,1.0,10,DELETE,0.3,True,,,False,-1,1,1,0,0.0,514.787,0,0.0
2,278.025,1.0,1,DELETE,0.4,True,,,False,-1,1,1,0,0.0,721.952,0,0.0
2,513.301,1.0,5,DELETE,0.002,True,,,False,-1,1,1,0,0.0,6321.035,0,0.0
2,76841.437,1.0,5,DELETE,0.5,True,,,False,-1,1,1,0,0.0,6286.178999999989,0,0.0
2,69145.822,1.0,9,DELETE,0.2,True,,,False,-1,1,1,0,0.0,33740.322,0,0.0
2,708.527,1.0,3,DELETE,0.4,True,,,False,-1,1,1,0,0.0,1520.004,0,0.0
2,25.997,1.0,10,DELETE,0.005,True,,,False,-1,1,1,0,0.0,513.109,0,0.0
2,4.495,1.0,1,DELETE,0.01,True,,,False,-1,1,1,0,0.0,721.984,0,0.0
2,826.324,1.0,3,DELETE,0.5,True,,,False,-1,1,1,0,0.0,1500.2599999999998,0,0.0
2,3797.438,1.0,7,DELETE,0.1,True,,,False,-1,1,1,0,0.0,4125.338,0,0.0
2,24.057,1.0,12,DELETE,0.002,True,,,False,-1,1,1,0,0.0,507.664,0,0.0
2,557.464,1.0,7,DELETE,0.01,True,,,False,-1,1,1,0,0.0,4158.936,0,0.0
2,73.507,1.0,12,DELETE,0.1,True,,,False,-1,1,1,0,0.0,508.325,0,0.0
2,11514.674,1.0,7,DELETE,0.4,True,,,False,-1,1,1,0,0.0,4141.566999999999,0,0.0
2,9163.739,1.0,7,DELETE,0.3,True,,,False,-1,1,1,0,0.0,4106.527,0,0.0
2,148.631,1.0,10,DELETE,0.2,True,,,False,-1,1,1,0,0.0,512.5830000000001,0,0.0
2,101.818,1.0,12,DELETE,0.2,True,,,False,-1,1,1,0,0.0,514.128,0,0.0
2,114.931,1.0,3,DELETE,0.005,True,,,False,-1,1,1,0,0.0,1521.0639999999999,0,0.0
2,123890.423,1.0,9,DELETE,0.4,True,,,False,-1,1,1,0,0.0,33942.814,0,0.0
2,13322.731,1.0,7,DELETE,0.5,True,,,False,-1,1,1,0,0.0,4117.9619999999995,0,0.0
2,37.532,1.0,12,DELETE,0.02,True,,,False,-1,1,1,0,0.0,510.681,0,0.0
2,154.595,1.0,12,DELETE,0.4,True,,,False,-1,1,1,0,0.0,508.44399999999996,0,0.0
2,956.662,1.0,7,DELETE,0.02,True,,,False,-1,1,1,0,0.0,4144.605,0,0.0
2,235.417,1.0,10,DELETE,0.4,True,,,False,-1,1,1,0,0.0,510.321,0,0.0
2,807.149,1.0,9,DELETE,0.001,True,,,False,-1,1,1,0,0.0,33624.712,0,0.0
2,0.825,1.0,1,DELETE,0.002,True,,,False,-1,1,1,0,0.0,741.1139999999999,0,0.0
2,3538.813,1.0,5,DELETE,0.02,True,,,False,-1,1,1,0,0.0,6287.561,0,0.0
2,35.772,1.0,1,DELETE,0.05,True,,,False,-1,1,1,0,0.0,730.495,0,0.0
2,19102.965,1.0,9,DELETE,0.05,True,,,False,-1,1,1,0,0.0,33901.026,0,0.0
2,1209.029,1.0,9,DELETE,0.002,True,,,False,-1,1,1,0,0.0,34009.293,0,0.0
2,366.378,1.0,1,DELETE,0.5,True,,,False,-1,1,1,0,0.0,741.3620000000001,0,0.0
2,101.191,1.0,3,DELETE,0.001,True,,,False,-1,1,1,0,0.0,1505.579,0,0.0
2,23.332,1.0,12,DELETE,0.001,True,,,False,-1,1,1,0,0.0,511.125,0,0.0
2,312.536,1.0,5,DELETE,0.001,True,,,False,-1,1,1,0,0.0,6289.558,0,0.0
2,31632.277,1.0,5,DELETE,0.2,True,,,False,-1,1,1,0,0.0,6323.674999999999,0,0.0
2,225.048,1.0,3,DELETE,0.05,True,,,False,-1,1,1,0,0.0,1505.172,0,0.0
2,16138.98,1.0,5,DELETE,0.1,True,,,False,-1,1,1,0,0.0,6288.889999999999,0,0.0
2,474.136,1.0,3,DELETE,0.2,True,,,False,-1,1,1,0,0.0,1495.756,0,0.0
2,198.552,1.0,7,DELETE,0.002,True,,,False,-1,1,1,0,0.0,4134.837,0,0.0
2,157.831,1.0,3,DELETE,0.02,True,,,False,-1,1,1,0,0.0,1499.981,0,0.0
2,273.156,1.0,10,DELETE,0.5,True,,,False,-1,1,1,0,0.0,510.272,0,0.0
2,344.211,1.0,7,DELETE,0.005,True,,,False,-1,1,1,0,0.0,4167.949,0,0.0
2,8154.722,1.0,9,DELETE,0.02,True,,,False,-1,1,1,0,0.0,33693.489,0,0.0
2,148.573,1.0,7,DELETE,0.001,True,,,False,-1,1,1,0,0.0,4154.432,0,0.0
2,53.707,1.0,12,DELETE,0.05,True,,,False,-1,1,1,0,0.0,508.53700000000003,0,0.0
2,69.38,1.0,1,DELETE,0.1,True,,,False,-1,1,1,0,0.0,719.703,0,0.0
2,98040.029,1.0,9,DELETE,0.3,True,,,False,-1,1,1,0,0.0,33646.346999999994,0,0.0
2,26.801,1.0,12,DELETE,0.005,True,,,False,-1,1,1,0,0.0,516.467,0,0.0
2,8344.455,1.0,5,DELETE,0.05,True,,,False,-1,1,1,0,0.0,6306.402,0,0.0
2,64.629,1.0,10,DELETE,0.05,True,,,False,-1,1,1,0,0.0,511.91499999999996,0,0.0
2,6775.245,1.0,7,DELETE,0.2,True,,,False,-1,1,1,0,0.0,4109.491000000001,0,0.0
2,127.013,1.0,12,DELETE,0.3,True,,,False,-1,1,1,0,0.0,507.94999999999993,0,0.0
2,1864.42,1.0,5,DELETE,0.01,True,,,False,-1,1,1,0,0.0,6291.906,0,0.0
2,105.63,1.0,3,DELETE,0.002,True,,,False,-1,1,1,0,0.0,1525.2399999999998,0,0.0
2,317.367,1.0,3,DELETE,0.1,True,,,False,-1,1,1,0,0.0,1502.531,0,0.0
2,0.283,1.0,1,DELETE,0.001,True,,,False,-1,1,1,0,0.0,744.222,0,0.0
2,181.303,1.0,12,DELETE,0.5,True,,,False,-1,1,1,0,0.0,508.38199999999995,0,0.0
2,31.435,1.0,10,DELETE,0.01,True,,,False,-1,1,1,0,0.0,514.1170000000001,0,0.0
2,30.851,1.0,12,DELETE,0.01,True,,,False,-1,1,1,0,0.0,513.485,0,0.0
2,41.023,1.0,10,DELETE,0.02,True,,,False,-1,1,1,0,0.0,508.702,0,0.0
2,208.45,1.0,1,DELETE,0.3,True,,,False,-1,1,1,0,0.0,720.512,0,0.0
2,2421.239,1.0,9,DELETE,0.005,True,,,False,-1,1,1,0,0.0,33758.328,0,0.0
2,994.355,1.0,5,DELETE,0.005,True,,,False,-1,1,1,0,0.0,6306.022999999999,0,0.0
2,144461.109,1.0,9,DELETE,0.5,True,,,False,-1,1,1,0,0.0,33815.524000000005,0,0.0
2,600.054,1.0,3,DELETE,0.3,True,,,False,-1,1,1,0,0.0,1509.4789999999998,0,0.0
1,130.008,1.0,3,DELETE,0.01,True,,,False,-1,1,1,0,0.0,1500.316,0,0.0
1,21.809,1.0,10,DELETE,0.001,True,,,False,-1,1,1,0,0.0,513.57,0,0.0
1,61883.76,1.0,5,DELETE,0.4,True,,,False,-1,1,1,0,0.0,6342.863999999994,0,0.0
1,4362.642,1.0,9,DELETE,0.01,True,,,False,-1,1,1,0,0.0,33694.423,0,0.0
1,2042.87,1.0,7,DELETE,0.05,True,,,False,-1,1,1,0,0.0,4104.478,0,0.0
1,2.065,1.0,1,DELETE,0.005,True,,,False,-1,1,1,0,0.0,712.949,0,0.0
1,36566.149,1.0,9,DELETE,0.1,True,,,False,-1,1,1,0,0.0,33726.575000000004,0,0.0
1,142.747,1.0,1,DELETE,0.2,True,,,False,-1,1,1,0,0.0,734.3340000000001,0,0.0
1,10.535,1.0,1,DELETE,0.02,True,,,False,-1,1,1,0,0.0,717.996,0,0.0
1,96.194,1.0,10,DELETE,0.1,True,,,False,-1,1,1,0,0.0,511.86099999999993,0,0.0
1,23.052,1.0,10,DELETE,0.002,True,,,False,-1,1,1,0,0.0,515.191,0,0.0
1,47961.435,1.0,5,DELETE,0.3,True,,,False,-1,1,1,0,0.0,6284.365000000005,0,0.0
1,198.175,1.0,10,DELETE,0.3,True,,,False,-1,1,1,0,0.0,517.375,0,0.0
1,277.766,1.0,1,DELETE,0.4,True,,,False,-1,1,1,0,0.0,714.4659999999999,0,0.0
1,480.968,1.0,5,DELETE,0.002,True,,,False,-1,1,1,0,0.0,6272.805,0,0.0
1,77832.45,1.0,5,DELETE,0.5,True,,,False,-1,1,1,0,0.0,6306.498999999996,0,0.0
1,69266.271,1.0,9,DELETE,0.2,True,,,False,-1,1,1,0,0.0,33659.762,0,0.0
1,723.918,1.0,3,DELETE,0.4,True,,,False,-1,1,1,0,0.0,1505.5819999999999,0,0.0
1,25.976,1.0,10,DELETE,0.005,True,,,False,-1,1,1,0,0.0,512.264,0,0.0
1,4.531,1.0,1,DELETE,0.01,True,,,False,-1,1,1,0,0.0,713.9350000000001,0,0.0
1,793.429,1.0,3,DELETE,0.5,True,,,False,-1,1,1,0,0.0,1506.196,0,0.0
1,3714.126,1.0,7,DELETE,0.1,True,,,False,-1,1,1,0,0.0,4120.79,0,0.0
1,24.098,1.0,12,DELETE,0.002,True,,,False,-1,1,1,0,0.0,510.80799999999994,0,0.0
1,571.043,1.0,7,DELETE,0.01,True,,,False,-1,1,1,0,0.0,4133.3330000000005,0,0.0
1,74.156,1.0,12,DELETE,0.1,True,,,False,-1,1,1,0,0.0,511.61100000000005,0,0.0
1,11788.858,1.0,7,DELETE,0.4,True,,,False,-1,1,1,0,0.0,4109.103999999999,0,0.0
1,9353.939,1.0,7,DELETE,0.3,True,,,False,-1,1,1,0,0.0,4188.156999999999,0,0.0
1,148.193,1.0,10,DELETE,0.2,True,,,False,-1,1,1,0,0.0,510.423,0,0.0
1,100.902,1.0,12,DELETE,0.2,True,,,False,-1,1,1,0,0.0,509.263,0,0.0
1,114.289,1.0,3,DELETE,0.005,True,,,False,-1,1,1,0,0.0,1493.84,0,0.0
1,123403.199,1.0,9,DELETE,0.4,True,,,False,-1,1,1,0,0.0,33819.447000000015,0,0.0
1,13396.722,1.0,7,DELETE,0.5,True,,,False,-1,1,1,0,0.0,4096.665999999999,0,0.0
1,37.013,1.0,12,DELETE,0.02,True,,,False,-1,1,1,0,0.0,507.907,0,0.0
1,154.316,1.0,12,DELETE,0.4,True,,,False,-1,1,1,0,0.0,508.47299999999996,0,0.0
1,958.447,1.0,7,DELETE,0.02,True,,,False,-1,1,1,0,0.0,4131.058,0,0.0
1,238.016,1.0,10,DELETE,0.4,True,,,False,-1,1,1,0,0.0,517.452,0,0.0
1,805.116,1.0,9,DELETE,0.001,True,,,False,-1,1,1,0,0.0,33811.431,0,0.0
1,0.779,1.0,1,DELETE,0.002,True,,,False,-1,1,1,0,0.0,713.069,0,0.0
1,3587.983,1.0,5,DELETE,0.02,True,,,False,-1,1,1,0,0.0,6307.207,0,0.0
1,34.717,1.0,1,DELETE,0.05,True,,,False,-1,1,1,0,0.0,715.017,0,0.0
1,19006.996,1.0,9,DELETE,0.05,True,,,False,-1,1,1,0,0.0,33779.961,0,0.0
1,1208.208,1.0,9,DELETE,0.002,True,,,False,-1,1,1,0,0.0,33682.311,0,0.0
1,346.929,1.0,1,DELETE,0.5,True,,,False,-1,1,1,0,0.0,713.908,0,0.0
1,101.194,1.0,3,DELETE,0.001,True,,,False,-1,1,1,0,0.0,1502.192,0,0.0
1,23.227,1.0,12,DELETE,0.001,True,,,False,-1,1,1,0,0.0,506.99,0,0.0
1,309.206,1.0,5,DELETE,0.001,True,,,False,-1,1,1,0,0.0,6274.522,0,0.0
1,31972.756,1.0,5,DELETE,0.2,True,,,False,-1,1,1,0,0.0,6304.129000000001,0,0.0
1,224.448,1.0,3,DELETE,0.05,True,,,False,-1,1,1,0,0.0,1513.1619999999998,0,0.0
1,16349.458,1.0,5,DELETE,0.1,True,,,False,-1,1,1,0,0.0,6349.463999999998,0,0.0
1,475.116,1.0,3,DELETE,0.2,True,,,False,-1,1,1,0,0.0,1493.8220000000001,0,0.0
1,198.319,1.0,7,DELETE,0.002,True,,,False,-1,1,1,0,0.0,4127.143,0,0.0
1,159.394,1.0,3,DELETE,0.02,True,,,False,-1,1,1,0,0.0,1499.164,0,0.0
1,275.616,1.0,10,DELETE,0.5,True,,,False,-1,1,1,0,0.0,515.847,0,0.0
1,361.643,1.0,7,DELETE,0.005,True,,,False,-1,1,1,0,0.0,4127.441,0,0.0
1,8286.288,1.0,9,DELETE,0.02,True,,,False,-1,1,1,0,0.0,33690.12,0,0.0
1,148.79,1.0,7,DELETE,0.001,True,,,False,-1,1,1,0,0.0,4148.314,0,0.0
1,54.674,1.0,12,DELETE,0.05,True,,,False,-1,1,1,0,0.0,513.1800000000001,0,0.0
1,69.488,1.0,1,DELETE,0.1,True,,,False,-1,1,1,0,0.0,715.683,0,0.0
1,98039.168,1.0,9,DELETE,0.3,True,,,False,-1,1,1,0,0.0,33771.66199999998,0,0.0
1,26.36,1.0,12,DELETE,0.005,True,,,False,-1,1,1,0,0.0,510.41499999999996,0,0.0
1,8351.542,1.0,5,DELETE,0.05,True,,,False,-1,1,1,0,0.0,6324.859,0,0.0
1,65.894,1.0,10,DELETE,0.05,True,,,False,-1,1,1,0,0.0,517.105,0,0.0
1,6868.169,1.0,7,DELETE,0.2,True,,,False,-1,1,1,0,0.0,4135.722,0,0.0
1,126.633,1.0,12,DELETE,0.3,True,,,False,-1,1,1,0,0.0,512.848,0,0.0
1,1840.177,1.0,5,DELETE,0.01,True,,,False,-1,1,1,0,0.0,6312.237,0,0.0
1,104.636,1.0,3,DELETE,0.002,True,,,False,-1,1,1,0,0.0,1496.405,0,0.0
1,316.699,1.0,3,DELETE,0.1,True,,,False,-1,1,1,0,0.0,1495.6779999999999,0,0.0
1,0.288,1.0,1,DELETE,0.001,True,,,False,-1,1,1,0,0.0,716.256,0,0.0
1,181.663,1.0,12,DELETE,0.5,True,,,False,-1,1,1,0,0.0,509.08000000000004,0,0.0
1,31.344,1.0,10,DELETE,0.01,True,,,False,-1,1,1,0,0.0,511.96599999999995,0,0.0
1,30.276,1.0,12,DELETE,0.01,True,,,False,-1,1,1,0,0.0,510.809,0,0.0
1,41.227,1.0,10,DELETE,0.02,True,,,False,-1,1,1,0,0.0,514.99,0,0.0
1,208.158,1.0,1,DELETE,0.3,True,,,False,-1,1,1,0,0.0,720.727,0,0.0
1,2408.705,1.0,9,DELETE,0.005,True,,,False,-1,1,1,0,0.0,33551.659,0,0.0
1,992.065,1.0,5,DELETE,0.005,True,,,False,-1,1,1,0,0.0,6294.41,0,0.0
1,144276.811,1.0,9,DELETE,0.5,True,,,False,-1,1,1,0,0.0,33934.78100000002,0,0.0
1,602.554,1.0,3,DELETE,0.3,True,,,False,-1,1,1,0,0.0,1528.1390000000001,0,0.0
2,112.702,1.0,3,SCALE,0.01,True,,,False,-1,1,1,0,0.0,1490.211,0,0.0
2,19.508,1.0,10,SCALE,0.001,True,,,False,-1,1,1,0,0.0,515.596,0,0.0
2,4360.166,1.0,5,SCALE,0.4,True,,,False,-1,1,1,0,0.0,6281.097000000001,0,0.0
2,2207.389,1.0,9,SCALE,0.01,True,,,False,-1,1,1,0,0.0,33519.810999999994,0,0.0
2,1051.231,1.0,7,SCALE,0.05,True,,,False,-1,1,1,0,0.0,4098.025000000001,0,0.0
2,4.486,1.0,1,SCALE,0.005,True,,,False,-1,1,1,0,0.0,714.229,0,0.0
2,17190.995,1.0,9,SCALE,0.1,True,,,False,-1,1,1,0,0.0,33660.429000000004,0,0.0
2,283.306,1.0,1,SCALE,0.2,True,,,False,-1,1,1,0,0.0,717.1320000000001,0,0.0
2,28.402,1.0,1,SCALE,0.02,True,,,False,-1,1,1,0,0.0,712.6959999999999,0,0.0
2,102.208,1.0,10,SCALE,0.1,True,,,False,-1,1,1,0,0.0,518.234,0,0.0
2,20.576,1.0,10,SCALE,0.002,True,,,False,-1,1,1,0,0.0,510.2289999999999,0,0.0
2,3382.788,1.0,5,SCALE,0.3,True,,,False,-1,1,1,0,0.0,6322.726999999999,0,0.0
2,210.469,1.0,10,SCALE,0.3,True,,,False,-1,1,1,0,0.0,512.521,0,0.0
2,564.677,1.0,1,SCALE,0.4,True,,,False,-1,1,1,0,0.0,712.638,0,0.0
2,141.145,1.0,5,SCALE,0.002,True,,,False,-1,1,1,0,0.0,6281.128,0,0.0
2,5145.67,1.0,5,SCALE,0.5,True,,,False,-1,1,1,0,0.0,6232.280000000001,0,0.0
2,32891.96,1.0,9,SCALE,0.2,True,,,False,-1,1,1,0,0.0,33446.658,0,0.0
2,769.551,1.0,3,SCALE,0.4,True,,,False,-1,1,1,0,0.0,1489.2240000000002,0,0.0
2,24.111,1.0,10,SCALE,0.005,True,,,False,-1,1,1,0,0.0,514.34,0,0.0
2,11.027,1.0,1,SCALE,0.01,True,,,False,-1,1,1,0,0.0,713.088,0,0.0
2,881.079,1.0,3,SCALE,0.5,True,,,False,-1,1,1,0,0.0,1513.347,0,0.0
2,1958.994,1.0,7,SCALE,0.1,True,,,False,-1,1,1,0,0.0,4119.2880000000005,0,0.0
2,24.228,1.0,12,SCALE,0.002,True,,,False,-1,1,1,0,0.0,501.13399999999996,0,0.0
2,303.907,1.0,7,SCALE,0.01,True,,,False,-1,1,1,0,0.0,4095.6629999999996,0,0.0
2,80.71,1.0,12,SCALE,0.1,True,,,False,-1,1,1,0,0.0,505.339,0,0.0
2,6785.377,1.0,7,SCALE,0.4,True,,,False,-1,1,1,0,0.0,4104.084999999999,0,0.0
2,5123.028,1.0,7,SCALE,0.3,True,,,False,-1,1,1,0,0.0,4106.951999999999,0,0.0
2,160.536,1.0,10,SCALE,0.2,True,,,False,-1,1,1,0,0.0,515.424,0,0.0
2,113.149,1.0,12,SCALE,0.2,True,,,False,-1,1,1,0,0.0,500.664,0,0.0
2,95.508,1.0,3,SCALE,0.005,True,,,False,-1,1,1,0,0.0,1490.445,0,0.0
2,61625.869,1.0,9,SCALE,0.4,True,,,False,-1,1,1,0,0.0,33763.791000000005,0,0.0
2,8485.246,1.0,7,SCALE,0.5,True,,,False,-1,1,1,0,0.0,4164.416000000001,0,0.0
2,38.247,1.0,12,SCALE,0.02,True,,,False,-1,1,1,0,0.0,504.88899999999995,0,0.0
2,180.905,1.0,12,SCALE,0.4,True,,,False,-1,1,1,0,0.0,501.365,0,0.0
2,496.422,1.0,7,SCALE,0.02,True,,,False,-1,1,1,0,0.0,4081.333,0,0.0
2,263.15,1.0,10,SCALE,0.4,True,,,False,-1,1,1,0,0.0,514.731,0,0.0
2,535.995,1.0,9,SCALE,0.001,True,,,False,-1,1,1,0,0.0,33931.301,0,0.0
2,1.708,1.0,1,SCALE,0.002,True,,,False,-1,1,1,0,0.0,719.9250000000001,0,0.0
2,406.737,1.0,5,SCALE,0.02,True,,,False,-1,1,1,0,0.0,6266.024,0,0.0
2,70.901,1.0,1,SCALE,0.05,True,,,False,-1,1,1,0,0.0,714.6880000000001,0,0.0
2,9020.929,1.0,9,SCALE,0.05,True,,,False,-1,1,1,0,0.0,33627.176999999996,0,0.0
2,719.542,1.0,9,SCALE,0.002,True,,,False,-1,1,1,0,0.0,33419.633,0,0.0
2,707.431,1.0,1,SCALE,0.5,True,,,False,-1,1,1,0,0.0,721.6689999999999,0,0.0
2,83.067,1.0,3,SCALE,0.001,True,,,False,-1,1,1,0,0.0,1507.254,0,0.0
2,23.746,1.0,12,SCALE,0.001,True,,,False,-1,1,1,0,0.0,505.01599999999996,0,0.0
2,125.622,1.0,5,SCALE,0.001,True,,,False,-1,1,1,0,0.0,6264.709,0,0.0
2,2424.948,1.0,5,SCALE,0.2,True,,,False,-1,1,1,0,0.0,6254.824999999999,0,0.0
2,219.359,1.0,3,SCALE,0.05,True,,,False,-1,1,1,0,0.0,1490.924,0,0.0
2,1366.334,1.0,5,SCALE,0.1,True,,,False,-1,1,1,0,0.0,6254.396,0,0.0
2,499.998,1.0,3,SCALE,0.2,True,,,False,-1,1,1,0,0.0,1503.2549999999999,0,0.0
2,130.395,1.0,7,SCALE,0.002,True,,,False,-1,1,1,0,0.0,4088.9199999999996,0,0.0
2,142.473,1.0,3,SCALE,0.02,True,,,False,-1,1,1,0,0.0,1508.1670000000001,0,0.0
2,299.411,1.0,10,SCALE,0.5,True,,,False,-1,1,1,0,0.0,513.049,0,0.0
2,200.615,1.0,7,SCALE,0.005,True,,,False,-1,1,1,0,0.0,4109.650000000001,0,0.0
2,3983.845,1.0,9,SCALE,0.02,True,,,False,-1,1,1,0,0.0,33456.095,0,0.0
2,103.931,1.0,7,SCALE,0.001,True,,,False,-1,1,1,0,0.0,4104.442,0,0.0
2,57.145,1.0,12,SCALE,0.05,True,,,False,-1,1,1,0,0.0,507.0,0,0.0
2,143.867,1.0,1,SCALE,0.1,True,,,False,-1,1,1,0,0.0,745.0830000000001,0,0.0
2,47511.978,1.0,9,SCALE,0.3,True,,,False,-1,1,1,0,0.0,33492.36,0,0.0
2,26.443,1.0,12,SCALE,0.005,True,,,False,-1,1,1,0,0.0,499.18399999999997,0,0.0
2,785.647,1.0,5,SCALE,0.05,True,,,False,-1,1,1,0,0.0,6247.344,0,0.0
2,66.683,1.0,10,SCALE,0.05,True,,,False,-1,1,1,0,0.0,513.5070000000001,0,0.0
2,3670.238,1.0,7,SCALE,0.2,True,,,False,-1,1,1,0,0.0,4109.84,0,0.0
2,149.045,1.0,12,SCALE,0.3,True,,,False,-1,1,1,0,0.0,508.89,0,0.0
2,283.69,1.0,5,SCALE,0.01,True,,,False,-1,1,1,0,0.0,6259.05,0,0.0
2,86.064,1.0,3,SCALE,0.002,True,,,False,-1,1,1,0,0.0,1531.769,0,0.0
2,323.419,1.0,3,SCALE,0.1,True,,,False,-1,1,1,0,0.0,1490.063,0,0.0
2,0.808,1.0,1,SCALE,0.001,True,,,False,-1,1,1,0,0.0,711.784,0,0.0
2,218.907,1.0,12,SCALE,0.5,True,,,False,-1,1,1,0,0.0,503.558,0,0.0
2,29.439,1.0,10,SCALE,0.01,True,,,False,-1,1,1,0,0.0,512.099,0,0.0
2,30.968,1.0,12,SCALE,0.01,True,,,False,-1,1,1,0,0.0,503.588,0,0.0
2,40.058,1.0,10,SCALE,0.02,True,,,False,-1,1,1,0,0.0,514.1320000000001,0,0.0
2,431.487,1.0,1,SCALE,0.3,True,,,False,-1,1,1,0,0.0,723.0369999999998,0,0.0
2,1283.298,1.0,9,SCALE,0.005,True,,,False,-1,1,1,0,0.0,33542.39,0,0.0
2,197.683,1.0,5,SCALE,0.005,True,,,False,-1,1,1,0,0.0,6301.978,0,0.0
2,74796.123,1.0,9,SCALE,0.5,True,,,False,-1,1,1,0,0.0,33512.34299999999,0,0.0
2,647.908,1.0,3,SCALE,0.3,True,,,False,-1,1,1,0,0.0,1509.8200000000002,0,0.0
1,114.068,1.0,3,SCALE,0.01,True,,,False,-1,1,1,0,0.0,1502.271,0,0.0
1,19.46,1.0,10,SCALE,0.001,True,,,False,-1,1,1,0,0.0,515.879,0,0.0
1,4224.974,1.0,5,SCALE,0.4,True,,,False,-1,1,1,0,0.0,6219.164000000001,0,0.0
1,2221.705,1.0,9,SCALE,0.01,True,,,False,-1,1,1,0,0.0,33275.378,0,0.0
1,1057.765,1.0,7,SCALE,0.05,True,,,False,-1,1,1,0,0.0,4095.495,0,0.0
1,4.653,1.0,1,SCALE,0.005,True,,,False,-1,1,1,0,0.0,707.572,0,0.0
1,17101.345,1.0,9,SCALE,0.1,True,,,False,-1,1,1,0,0.0,33577.051999999996,0,0.0
1,282.225,1.0,1,SCALE,0.2,True,,,False,-1,1,1,0,0.0,707.961,0,0.0
1,28.35,1.0,1,SCALE,0.02,True,,,False,-1,1,1,0,0.0,728.994,0,0.0
1,102.71,1.0,10,SCALE,0.1,True,,,False,-1,1,1,0,0.0,518.284,0,0.0
1,20.662,1.0,10,SCALE,0.002,True,,,False,-1,1,1,0,0.0,509.27000000000004,0,0.0
1,3342.737,1.0,5,SCALE,0.3,True,,,False,-1,1,1,0,0.0,6243.681,0,0.0
1,208.961,1.0,10,SCALE,0.3,True,,,False,-1,1,1,0,0.0,510.37299999999993,0,0.0
1,573.349,1.0,1,SCALE,0.4,True,,,False,-1,1,1,0,0.0,718.4439999999998,0,0.0
1,140.537,1.0,5,SCALE,0.002,True,,,False,-1,1,1,0,0.0,6167.6539999999995,0,0.0
1,5118.708,1.0,5,SCALE,0.5,True,,,False,-1,1,1,0,0.0,6174.3769999999995,0,0.0
1,32346.931,1.0,9,SCALE,0.2,True,,,False,-1,1,1,0,0.0,33352.361000000004,0,0.0
1,764.063,1.0,3,SCALE,0.4,True,,,False,-1,1,1,0,0.0,1486.88,0,0.0
1,23.973,1.0,10,SCALE,0.005,True,,,False,-1,1,1,0,0.0,510.699,0,0.0
1,11.048,1.0,1,SCALE,0.01,True,,,False,-1,1,1,0,0.0,707.555,0,0.0
1,888.934,1.0,3,SCALE,0.5,True,,,False,-1,1,1,0,0.0,1496.711,0,0.0
1,1897.964,1.0,7,SCALE,0.1,True,,,False,-1,1,1,0,0.0,4098.101,0,0.0
1,24.146,1.0,12,SCALE,0.002,True,,,False,-1,1,1,0,0.0,501.95300000000003,0,0.0
1,301.179,1.0,7,SCALE,0.01,True,,,False,-1,1,1,0,0.0,4101.7519999999995,0,0.0
1,80.651,1.0,12,SCALE,0.1,True,,,False,-1,1,1,0,0.0,506.11899999999997,0,0.0
1,6762.103,1.0,7,SCALE,0.4,True,,,False,-1,1,1,0,0.0,4100.828,0,0.0
1,5164.998,1.0,7,SCALE,0.3,True,,,False,-1,1,1,0,0.0,4106.678,0,0.0
1,158.125,1.0,10,SCALE,0.2,True,,,False,-1,1,1,0,0.0,510.41700000000003,0,0.0
1,114.413,1.0,12,SCALE,0.2,True,,,False,-1,1,1,0,0.0,507.50300000000004,0,0.0
1,95.867,1.0,3,SCALE,0.005,True,,,False,-1,1,1,0,0.0,1498.789,0,0.0
1,61731.681,1.0,9,SCALE,0.4,True,,,False,-1,1,1,0,0.0,33572.62700000001,0,0.0
1,8109.655,1.0,7,SCALE,0.5,True,,,False,-1,1,1,0,0.0,4098.245,0,0.0
1,38.108,1.0,12,SCALE,0.02,True,,,False,-1,1,1,0,0.0,500.16,0,0.0
1,184.556,1.0,12,SCALE,0.4,True,,,False,-1,1,1,0,0.0,502.145,0,0.0
1,490.549,1.0,7,SCALE,0.02,True,,,False,-1,1,1,0,0.0,4076.018,0,0.0
1,260.436,1.0,10,SCALE,0.4,True,,,False,-1,1,1,0,0.0,517.0720000000001,0,0.0
1,538.914,1.0,9,SCALE,0.001,True,,,False,-1,1,1,0,0.0,33989.603,0,0.0
1,1.692,1.0,1,SCALE,0.002,True,,,False,-1,1,1,0,0.0,706.423,0,0.0
1,402.962,1.0,5,SCALE,0.02,True,,,False,-1,1,1,0,0.0,6208.245000000001,0,0.0
1,70.873,1.0,1,SCALE,0.05,True,,,False,-1,1,1,0,0.0,709.3789999999999,0,0.0
1,8992.518,1.0,9,SCALE,0.05,True,,,False,-1,1,1,0,0.0,33434.543999999994,0,0.0
1,745.406,1.0,9,SCALE,0.002,True,,,False,-1,1,1,0,0.0,33496.721999999994,0,0.0
1,742.909,1.0,1,SCALE,0.5,True,,,False,-1,1,1,0,0.0,745.438,0,0.0
1,80.925,1.0,3,SCALE,0.001,True,,,False,-1,1,1,0,0.0,1486.27,0,0.0
1,23.308,1.0,12,SCALE,0.001,True,,,False,-1,1,1,0,0.0,501.775,0,0.0
1,123.411,1.0,5,SCALE,0.001,True,,,False,-1,1,1,0,0.0,6197.454,0,0.0
1,2421.378,1.0,5,SCALE,0.2,True,,,False,-1,1,1,0,0.0,6220.427,0,0.0
1,218.961,1.0,3,SCALE,0.05,True,,,False,-1,1,1,0,0.0,1506.635,0,0.0
1,1378.5,1.0,5,SCALE,0.1,True,,,False,-1,1,1,0,0.0,6208.382,0,0.0
1,502.063,1.0,3,SCALE,0.2,True,,,False,-1,1,1,0,0.0,1481.6260000000002,0,0.0
1,127.449,1.0,7,SCALE,0.002,True,,,False,-1,1,1,0,0.0,4072.606,0,0.0
1,142.801,1.0,3,SCALE,0.02,True,,,False,-1,1,1,0,0.0,1494.3500000000001,0,0.0
1,302.245,1.0,10,SCALE,0.5,True,,,False,-1,1,1,0,0.0,516.161,0,0.0
1,196.122,1.0,7,SCALE,0.005,True,,,False,-1,1,1,0,0.0,4088.784,0,0.0
1,3973.092,1.0,9,SCALE,0.02,True,,,False,-1,1,1,0,0.0,33386.008,0,0.0
1,103.339,1.0,7,SCALE,0.001,True,,,False,-1,1,1,0,0.0,4064.9610000000002,0,0.0
1,56.946,1.0,12,SCALE,0.05,True,,,False,-1,1,1,0,0.0,501.0129999999999,0,0.0
1,140.938,1.0,1,SCALE,0.1,True,,,False,-1,1,1,0,0.0,706.457,0,0.0
1,47212.815,1.0,9,SCALE,0.3,True,,,False,-1,1,1,0,0.0,33300.201,0,0.0
1,26.74,1.0,12,SCALE,0.005,True,,,False,-1,1,1,0,0.0,500.154,0,0.0
1,780.062,1.0,5,SCALE,0.05,True,,,False,-1,1,1,0,0.0,6212.727,0,0.0
1,66.016,1.0,10,SCALE,0.05,True,,,False,-1,1,1,0,0.0,511.75899999999996,0,0.0
1,3617.096,1.0,7,SCALE,0.2,True,,,False,-1,1,1,0,0.0,4061.5319999999997,0,0.0
1,146.97,1.0,12,SCALE,0.3,True,,,False,-1,1,1,0,0.0,499.937,0,0.0
1,272.115,1.0,5,SCALE,0.01,True,,,False,-1,1,1,0,0.0,6227.303,0,0.0
1,84.874,1.0,3,SCALE,0.002,True,,,False,-1,1,1,0,0.0,1494.458,0,0.0
1,321.573,1.0,3,SCALE,0.1,True,,,False,-1,1,1,0,0.0,1484.7600000000002,0,0.0
1,0.815,1.0,1,SCALE,0.001,True,,,False,-1,1,1,0,0.0,717.7239999999999,0,0.0
1,215.335,1.0,12,SCALE,0.5,True,,,False,-1,1,1,0,0.0,498.73199999999997,0,0.0
1,29.44,1.0,10,SCALE,0.01,True,,,False,-1,1,1,0,0.0,515.713,0,0.0
1,30.62,1.0,12,SCALE,0.01,True,,,False,-1,1,1,0,0.0,501.937,0,0.0
1,40.014,1.0,10,SCALE,0.02,True,,,False,-1,1,1,0,0.0,513.6,0,0.0
1,423.464,1.0,1,SCALE,0.3,True,,,False,-1,1,1,0,0.0,714.825,0,0.0
1,1285.207,1.0,9,SCALE,0.005,True,,,False,-1,1,1,0,0.0,33543.414,0,0.0
1,194.797,1.0,5,SCALE,0.005,True,,,False,-1,1,1,0,0.0,6241.578,0,0.0
1,74740.222,1.0,9,SCALE,0.5,True,,,False,-1,1,1,0,0.0,33939.634000000005,0,0.0
1,647.501,1.0,3,SCALE,0.3,True,,,False,-1,1,1,0,0.0,1489.999,0,0.0
2,1.522,1.0,3,DELETE,0.01,True,,,True,-1,1,1,0,7644.220352172852,19.334000000000003,0,73.52256774902344
2,4.863,1.0,10,DELETE,0.001,True,,,True,-1,1,1,0,8551.997184753418,150.432,0,79.89931106567383
2,3.7,1.0,5,DELETE,0.4,True,,,True,-1,1,1,0,7394.08802986145,12.417000000000002,0,157.71889686584473
2,183.103,1.0,9,DELETE,0.01,True,,,True,-1,1,1,0,11522.687196731567,2075.053,0,324.28908348083496
2,1.281,1.0,7,DELETE,0.05,True,,,True,-1,1,1,0,7379.174709320068,14.106,0,703.7992477416992
2,2.05,1.0,1,DELETE,0.005,True,,,True,-1,1,1,0,50359.53617095947,724.6260000000001,0,0.0
2,1129.196,1.0,9,DELETE,0.1,True,,,True,-1,1,1,0,11522.687196731567,2070.86,0,324.28908348083496
2,141.679,1.0,1,DELETE,0.2,True,,,True,-1,1,1,0,50359.53617095947,734.381,0,0.0
2,10.482,1.0,1,DELETE,0.02,True,,,True,-1,1,1,0,50359.53617095947,716.534,0,0.0
2,32.64,1.0,10,DELETE,0.1,True,,,True,-1,1,1,0,8551.997184753418,148.48000000000002,0,79.89931106567383
2,5.208,1.0,10,DELETE,0.002,True,,,True,-1,1,1,0,8551.997184753418,148.191,0,79.89931106567383
2,3.166,1.0,5,DELETE,0.3,True,,,True,-1,1,1,0,7394.08802986145,12.68,0,157.71889686584473
2,74.078,1.0,10,DELETE,0.3,True,,,True,-1,1,1,0,8551.997184753418,148.492,0,79.89931106567383
2,284.279,1.0,1,DELETE,0.4,True,,,True,-1,1,1,0,50359.53617095947,717.866,0,0.0
2,0.323,1.0,5,DELETE,0.002,True,,,True,-1,1,1,0,7394.08802986145,12.565,0,157.71889686584473
2,4.29,1.0,5,DELETE,0.5,True,,,True,-1,1,1,0,7394.08802986145,12.82,0,157.71889686584473
2,1788.885,1.0,9,DELETE,0.2,True,,,True,-1,1,1,0,11522.687196731567,2082.474,0,324.28908348083496
2,7.369,1.0,3,DELETE,0.4,True,,,True,-1,1,1,0,7644.220352172852,19.756,0,73.52256774902344
2,6.349,1.0,10,DELETE,0.005,True,,,True,-1,1,1,0,8551.997184753418,147.738,0,79.89931106567383
2,4.484,1.0,1,DELETE,0.01,True,,,True,-1,1,1,0,50359.53617095947,729.938,0,0.0
2,8.163,1.0,3,DELETE,0.5,True,,,True,-1,1,1,0,7644.220352172852,19.673,0,73.52256774902344
2,2.002,1.0,7,DELETE,0.1,True,,,True,-1,1,1,0,7379.174709320068,13.818000000000001,0,703.7992477416992
2,0.995,1.0,12,DELETE,0.002,True,,,True,-1,1,1,0,7475.3265380859375,21.044999999999998,0,32.5467586517334
2,0.53,1.0,7,DELETE,0.01,True,,,True,-1,1,1,0,7379.174709320068,14.185,0,703.7992477416992
2,2.47,1.0,12,DELETE,0.1,True,,,True,-1,1,1,0,7475.3265380859375,21.470000000000002,0,32.5467586517334
2,5.141,1.0,7,DELETE,0.4,True,,,True,-1,1,1,0,7379.174709320068,14.261000000000001,0,703.7992477416992
2,4.227,1.0,7,DELETE,0.3,True,,,True,-1,1,1,0,7379.174709320068,14.221,0,703.7992477416992
2,54.65,1.0,10,DELETE,0.2,True,,,True,-1,1,1,0,8551.997184753418,146.983,0,79.89931106567383
2,3.492,1.0,12,DELETE,0.2,True,,,True,-1,1,1,0,7475.3265380859375,20.77,0,32.5467586517334
2,1.349,1.0,3,DELETE,0.005,True,,,True,-1,1,1,0,7644.220352172852,19.711,0,73.52256774902344
2,2545.757,1.0,9,DELETE,0.4,True,,,True,-1,1,1,0,11522.687196731567,2074.833,0,324.28908348083496
2,5.72,1.0,7,DELETE,0.5,True,,,True,-1,1,1,0,7379.174709320068,14.359000000000002,0,703.7992477416992
2,1.345,1.0,12,DELETE,0.02,True,,,True,-1,1,1,0,7475.3265380859375,21.141000000000002,0,32.5467586517334
2,5.463,1.0,12,DELETE,0.4,True,,,True,-1,1,1,0,7475.3265380859375,21.188,0,32.5467586517334
2,0.749,1.0,7,DELETE,0.02,True,,,True,-1,1,1,0,7379.174709320068,14.077,0,703.7992477416992
2,87.467,1.0,10,DELETE,0.4,True,,,True,-1,1,1,0,8551.997184753418,145.976,0,79.89931106567383
2,47.359,1.0,9,DELETE,0.001,True,,,True,-1,1,1,0,11522.687196731567,2080.759,0,324.28908348083496
2,0.816,1.0,1,DELETE,0.002,True,,,True,-1,1,1,0,50359.53617095947,732.823,0,0.0
2,0.653,1.0,5,DELETE,0.02,True,,,True,-1,1,1,0,7394.08802986145,12.468,0,157.71889686584473
2,34.372,1.0,1,DELETE,0.05,True,,,True,-1,1,1,0,50359.53617095947,718.164,0,0.0
2,667.934,1.0,9,DELETE,0.05,True,,,True,-1,1,1,0,11522.687196731567,2091.5870000000004,0,324.28908348083496
2,64.975,1.0,9,DELETE,0.002,True,,,True,-1,1,1,0,11522.687196731567,2089.7380000000003,0,324.28908348083496
2,343.669,1.0,1,DELETE,0.5,True,,,True,-1,1,1,0,50359.53617095947,721.842,0,0.0
2,1.153,1.0,3,DELETE,0.001,True,,,True,-1,1,1,0,7644.220352172852,19.329,0,73.52256774902344
2,0.923,1.0,12,DELETE,0.001,True,,,True,-1,1,1,0,7475.3265380859375,21.366,0,32.5467586517334
2,0.276,1.0,5,DELETE,0.001,True,,,True,-1,1,1,0,7394.08802986145,12.572000000000001,0,157.71889686584473
2,2.495,1.0,5,DELETE,0.2,True,,,True,-1,1,1,0,7394.08802986145,12.695,0,157.71889686584473
2,2.515,1.0,3,DELETE,0.05,True,,,True,-1,1,1,0,7644.220352172852,19.803,0,73.52256774902344
2,1.665,1.0,5,DELETE,0.1,True,,,True,-1,1,1,0,7394.08802986145,12.756,0,157.71889686584473
2,5.15,1.0,3,DELETE,0.2,True,,,True,-1,1,1,0,7644.220352172852,19.756999999999998,0,73.52256774902344
2,0.284,1.0,7,DELETE,0.002,True,,,True,-1,1,1,0,7379.174709320068,14.014,0,703.7992477416992
2,1.959,1.0,3,DELETE,0.02,True,,,True,-1,1,1,0,7644.220352172852,19.846,0,73.52256774902344
2,99.998,1.0,10,DELETE,0.5,True,,,True,-1,1,1,0,8551.997184753418,147.183,0,79.89931106567383
2,0.366,1.0,7,DELETE,0.005,True,,,True,-1,1,1,0,7379.174709320068,13.978,0,703.7992477416992
2,319.053,1.0,9,DELETE,0.02,True,,,True,-1,1,1,0,11522.687196731567,2080.739,0,324.28908348083496
2,0.238,1.0,7,DELETE,0.001,True,,,True,-1,1,1,0,7379.174709320068,14.191,0,703.7992477416992
2,1.754,1.0,12,DELETE,0.05,True,,,True,-1,1,1,0,7475.3265380859375,20.869999999999997,0,32.5467586517334
2,68.636,1.0,1,DELETE,0.1,True,,,True,-1,1,1,0,50359.53617095947,715.7420000000001,0,0.0
2,2256.702,1.0,9,DELETE,0.3,True,,,True,-1,1,1,0,11522.687196731567,2074.9349999999995,0,324.28908348083496
2,0.987,1.0,12,DELETE,0.005,True,,,True,-1,1,1,0,7475.3265380859375,20.881,0,32.5467586517334
2,1.031,1.0,5,DELETE,0.05,True,,,True,-1,1,1,0,7394.08802986145,12.219,0,157.71889686584473
2,19.604,1.0,10,DELETE,0.05,True,,,True,-1,1,1,0,8551.997184753418,148.94400000000002,0,79.89931106567383
2,3.223,1.0,7,DELETE,0.2,True,,,True,-1,1,1,0,7379.174709320068,13.850000000000001,0,703.7992477416992
2,4.609,1.0,12,DELETE,0.3,True,,,True,-1,1,1,0,7475.3265380859375,21.125,0,32.5467586517334
2,0.502,1.0,5,DELETE,0.01,True,,,True,-1,1,1,0,7394.08802986145,12.812999999999999,0,157.71889686584473
2,1.233,1.0,3,DELETE,0.002,True,,,True,-1,1,1,0,7644.220352172852,19.432,0,73.52256774902344
2,3.585,1.0,3,DELETE,0.1,True,,,True,-1,1,1,0,7644.220352172852,19.756999999999998,0,73.52256774902344
2,0.287,1.0,1,DELETE,0.001,True,,,True,-1,1,1,0,50359.53617095947,718.116,0,0.0
2,6.458,1.0,12,DELETE,0.5,True,,,True,-1,1,1,0,7475.3265380859375,21.195,0,32.5467586517334
2,8.085,1.0,10,DELETE,0.01,True,,,True,-1,1,1,0,8551.997184753418,150.296,0,79.89931106567383
2,1.121,1.0,12,DELETE,0.01,True,,,True,-1,1,1,0,7475.3265380859375,21.032,0,32.5467586517334
2,11.273,1.0,10,DELETE,0.02,True,,,True,-1,1,1,0,8551.997184753418,147.3,0,79.89931106567383
2,206.383,1.0,1,DELETE,0.3,True,,,True,-1,1,1,0,50359.53617095947,719.81,0,0.0
2,108.569,1.0,9,DELETE,0.005,True,,,True,-1,1,1,0,11522.687196731567,2079.707,0,324.28908348083496
2,0.379,1.0,5,DELETE,0.005,True,,,True,-1,1,1,0,7394.08802986145,12.72,0,157.71889686584473
2,2754.478,1.0,9,DELETE,0.5,True,,,True,-1,1,1,0,11522.687196731567,2071.857,0,324.28908348083496
2,6.419,1.0,3,DELETE,0.3,True,,,True,-1,1,1,0,7644.220352172852,19.525,0,73.52256774902344
1,1.576,1.0,3,DELETE,0.01,True,,,True,-1,1,1,0,7644.220352172852,19.826,0,73.52256774902344
1,4.938,1.0,10,DELETE,0.001,True,,,True,-1,1,1,0,8551.997184753418,149.405,0,79.89931106567383
1,3.832,1.0,5,DELETE,0.4,True,,,True,-1,1,1,0,7394.08802986145,12.742999999999999,0,157.71889686584473
1,188.305,1.0,9,DELETE,0.01,True,,,True,-1,1,1,0,11522.687196731567,2090.6800000000003,0,324.28908348083496
1,1.337,1.0,7,DELETE,0.05,True,,,True,-1,1,1,0,7379.174709320068,14.11,0,703.7992477416992
1,2.046,1.0,1,DELETE,0.005,True,,,True,-1,1,1,0,50359.53617095947,716.67,0,0.0
1,1126.581,1.0,9,DELETE,0.1,True,,,True,-1,1,1,0,11522.687196731567,2100.2520000000004,0,324.28908348083496
1,137.299,1.0,1,DELETE,0.2,True,,,True,-1,1,1,0,50359.53617095947,719.3530000000001,0,0.0
1,10.648,1.0,1,DELETE,0.02,True,,,True,-1,1,1,0,50359.53617095947,724.419,0,0.0
1,32.901,1.0,10,DELETE,0.1,True,,,True,-1,1,1,0,8551.997184753418,148.349,0,79.89931106567383
1,5.307,1.0,10,DELETE,0.002,True,,,True,-1,1,1,0,8551.997184753418,150.853,0,79.89931106567383
1,3.14,1.0,5,DELETE,0.3,True,,,True,-1,1,1,0,7394.08802986145,12.824,0,157.71889686584473
1,72.151,1.0,10,DELETE,0.3,True,,,True,-1,1,1,0,8551.997184753418,147.337,0,79.89931106567383
1,275.345,1.0,1,DELETE,0.4,True,,,True,-1,1,1,0,50359.53617095947,717.424,0,0.0
1,0.284,1.0,5,DELETE,0.002,True,,,True,-1,1,1,0,7394.08802986145,12.325999999999999,0,157.71889686584473
1,4.264,1.0,5,DELETE,0.5,True,,,True,-1,1,1,0,7394.08802986145,12.849,0,157.71889686584473
1,1792.328,1.0,9,DELETE,0.2,True,,,True,-1,1,1,0,11522.687196731567,2089.85,0,324.28908348083496
1,7.408,1.0,3,DELETE,0.4,True,,,True,-1,1,1,0,7644.220352172852,19.727,0,73.52256774902344
1,6.411,1.0,10,DELETE,0.005,True,,,True,-1,1,1,0,8551.997184753418,149.142,0,79.89931106567383
1,5.026,1.0,1,DELETE,0.01,True,,,True,-1,1,1,0,50359.53617095947,725.339,0,0.0
1,8.312,1.0,3,DELETE,0.5,True,,,True,-1,1,1,0,7644.220352172852,20.203000000000003,0,73.52256774902344
1,2.069,1.0,7,DELETE,0.1,True,,,True,-1,1,1,0,7379.174709320068,14.010000000000002,0,703.7992477416992
1,0.912,1.0,12,DELETE,0.002,True,,,True,-1,1,1,0,7475.3265380859375,20.757,0,32.5467586517334
1,0.53,1.0,7,DELETE,0.01,True,,,True,-1,1,1,0,7379.174709320068,14.040000000000001,0,703.7992477416992
1,2.447,1.0,12,DELETE,0.1,True,,,True,-1,1,1,0,7475.3265380859375,20.873,0,32.5467586517334
1,5.247,1.0,7,DELETE,0.4,True,,,True,-1,1,1,0,7379.174709320068,14.486,0,703.7992477416992
1,4.287,1.0,7,DELETE,0.3,True,,,True,-1,1,1,0,7379.174709320068,14.383000000000003,0,703.7992477416992
1,54.607,1.0,10,DELETE,0.2,True,,,True,-1,1,1,0,8551.997184753418,147.81,0,79.89931106567383
1,3.561,1.0,12,DELETE,0.2,True,,,True,-1,1,1,0,7475.3265380859375,21.417,0,32.5467586517334
1,1.384,1.0,3,DELETE,0.005,True,,,True,-1,1,1,0,7644.220352172852,19.704,0,73.52256774902344
1,2539.707,1.0,9,DELETE,0.4,True,,,True,-1,1,1,0,11522.687196731567,2083.164,0,324.28908348083496
1,5.77,1.0,7,DELETE,0.5,True,,,True,-1,1,1,0,7379.174709320068,14.425,0,703.7992477416992
1,1.335,1.0,12,DELETE,0.02,True,,,True,-1,1,1,0,7475.3265380859375,21.137,0,32.5467586517334
1,5.538,1.0,12,DELETE,0.4,True,,,True,-1,1,1,0,7475.3265380859375,21.152,0,32.5467586517334
1,0.735,1.0,7,DELETE,0.02,True,,,True,-1,1,1,0,7379.174709320068,13.976,0,703.7992477416992
1,86.66,1.0,10,DELETE,0.4,True,,,True,-1,1,1,0,8551.997184753418,146.65200000000002,0,79.89931106567383
1,48.065,1.0,9,DELETE,0.001,True,,,True,-1,1,1,0,11522.687196731567,2108.868,0,324.28908348083496
1,0.77,1.0,1,DELETE,0.002,True,,,True,-1,1,1,0,50359.53617095947,718.815,0,0.0
1,0.622,1.0,5,DELETE,0.02,True,,,True,-1,1,1,0,7394.08802986145,11.997,0,157.71889686584473
1,34.234,1.0,1,DELETE,0.05,True,,,True,-1,1,1,0,50359.53617095947,717.039,0,0.0
1,654.881,1.0,9,DELETE,0.05,True,,,True,-1,1,1,0,11522.687196731567,2068.304,0,324.28908348083496
1,65.011,1.0,9,DELETE,0.002,True,,,True,-1,1,1,0,11522.687196731567,2093.203,0,324.28908348083496
1,345.726,1.0,1,DELETE,0.5,True,,,True,-1,1,1,0,50359.53617095947,720.62,0,0.0
1,1.101,1.0,3,DELETE,0.001,True,,,True,-1,1,1,0,7644.220352172852,19.741,0,73.52256774902344
1,0.913,1.0,12,DELETE,0.001,True,,,True,-1,1,1,0,7475.3265380859375,20.948,0,32.5467586517334
1,0.251,1.0,5,DELETE,0.001,True,,,True,-1,1,1,0,7394.08802986145,12.573,0,157.71889686584473
1,2.441,1.0,5,DELETE,0.2,True,,,True,-1,1,1,0,7394.08802986145,12.515,0,157.71889686584473
1,2.502,1.0,3,DELETE,0.05,True,,,True,-1,1,1,0,7644.220352172852,19.702,0,73.52256774902344
1,1.526,1.0,5,DELETE,0.1,True,,,True,-1,1,1,0,7394.08802986145,12.396,0,157.71889686584473
1,5.19,1.0,3,DELETE,0.2,True,,,True,-1,1,1,0,7644.220352172852,19.538,0,73.52256774902344
1,0.327,1.0,7,DELETE,0.002,True,,,True,-1,1,1,0,7379.174709320068,13.93,0,703.7992477416992
1,1.797,1.0,3,DELETE,0.02,True,,,True,-1,1,1,0,7644.220352172852,19.778,0,73.52256774902344
1,100.075,1.0,10,DELETE,0.5,True,,,True,-1,1,1,0,8551.997184753418,146.28300000000002,0,79.89931106567383
1,0.4,1.0,7,DELETE,0.005,True,,,True,-1,1,1,0,7379.174709320068,14.616,0,703.7992477416992
1,318.777,1.0,9,DELETE,0.02,True,,,True,-1,1,1,0,11522.687196731567,2074.582,0,324.28908348083496
1,0.237,1.0,7,DELETE,0.001,True,,,True,-1,1,1,0,7379.174709320068,14.001,0,703.7992477416992
1,1.785,1.0,12,DELETE,0.05,True,,,True,-1,1,1,0,7475.3265380859375,20.463,0,32.5467586517334
1,68.649,1.0,1,DELETE,0.1,True,,,True,-1,1,1,0,50359.53617095947,717.749,0,0.0
1,2247.363,1.0,9,DELETE,0.3,True,,,True,-1,1,1,0,11522.687196731567,2076.533,0,324.28908348083496
1,1.01,1.0,12,DELETE,0.005,True,,,True,-1,1,1,0,7475.3265380859375,21.089,0,32.5467586517334
1,1.048,1.0,5,DELETE,0.05,True,,,True,-1,1,1,0,7394.08802986145,12.631,0,157.71889686584473
1,20.493,1.0,10,DELETE,0.05,True,,,True,-1,1,1,0,8551.997184753418,148.86100000000002,0,79.89931106567383
1,3.355,1.0,7,DELETE,0.2,True,,,True,-1,1,1,0,7379.174709320068,14.235,0,703.7992477416992
1,4.58,1.0,12,DELETE,0.3,True,,,True,-1,1,1,0,7475.3265380859375,20.985999999999997,0,32.5467586517334
1,0.466,1.0,5,DELETE,0.01,True,,,True,-1,1,1,0,7394.08802986145,12.444,0,157.71889686584473
1,1.216,1.0,3,DELETE,0.002,True,,,True,-1,1,1,0,7644.220352172852,19.767,0,73.52256774902344
1,3.524,1.0,3,DELETE,0.1,True,,,True,-1,1,1,0,7644.220352172852,19.904,0,73.52256774902344
1,0.274,1.0,1,DELETE,0.001,True,,,True,-1,1,1,0,50359.53617095947,727.058,0,0.0
1,6.4,1.0,12,DELETE,0.5,True,,,True,-1,1,1,0,7475.3265380859375,20.909999999999997,0,32.5467586517334
1,8.593,1.0,10,DELETE,0.01,True,,,True,-1,1,1,0,8551.997184753418,148.633,0,79.89931106567383
1,1.171,1.0,12,DELETE,0.01,True,,,True,-1,1,1,0,7475.3265380859375,21.01,0,32.5467586517334
1,11.428,1.0,10,DELETE,0.02,True,,,True,-1,1,1,0,8551.997184753418,148.086,0,79.89931106567383
1,207.613,1.0,1,DELETE,0.3,True,,,True,-1,1,1,0,50359.53617095947,720.01,0,0.0
1,110.715,1.0,9,DELETE,0.005,True,,,True,-1,1,1,0,11522.687196731567,2091.336,0,324.28908348083496
1,0.344,1.0,5,DELETE,0.005,True,,,True,-1,1,1,0,7394.08802986145,12.251000000000001,0,157.71889686584473
1,2744.161,1.0,9,DELETE,0.5,True,,,True,-1,1,1,0,11522.687196731567,2097.1859999999997,0,324.28908348083496
1,6.576,1.0,3,DELETE,0.3,True,,,True,-1,1,1,0,7644.220352172852,20.018,0,73.52256774902344
2,1.349,1.0,3,SCALE,0.01,True,,,True,-1,1,1,0,7644.220352172852,19.741,0,73.52256774902344
2,4.695,1.0,10,SCALE,0.001,True,,,True,-1,1,1,0,8551.997184753418,146.085,0,79.89931106567383
2,3.329,1.0,5,SCALE,0.4,True,,,True,-1,1,1,0,7394.08802986145,12.93,0,157.71889686584473
2,135.325,1.0,9,SCALE,0.01,True,,,True,-1,1,1,0,11522.687196731567,2099.201,0,324.28908348083496
2,1.046,1.0,7,SCALE,0.05,True,,,True,-1,1,1,0,7379.174709320068,13.75,0,703.7992477416992
2,4.676,1.0,1,SCALE,0.005,True,,,True,-1,1,1,0,50359.53617095947,727.78,0,0.0
2,881.053,1.0,9,SCALE,0.1,True,,,True,-1,1,1,0,11522.687196731567,2085.9410000000003,0,324.28908348083496
2,287.573,1.0,1,SCALE,0.2,True,,,True,-1,1,1,0,50359.53617095947,740.593,0,0.0
2,28.265,1.0,1,SCALE,0.02,True,,,True,-1,1,1,0,50359.53617095947,727.544,0,0.0
2,33.144,1.0,10,SCALE,0.1,True,,,True,-1,1,1,0,8551.997184753418,148.196,0,79.89931106567383
2,5.032,1.0,10,SCALE,0.002,True,,,True,-1,1,1,0,8551.997184753418,148.702,0,79.89931106567383
2,2.729,1.0,5,SCALE,0.3,True,,,True,-1,1,1,0,7394.08802986145,12.221,0,157.71889686584473
2,72.819,1.0,10,SCALE,0.3,True,,,True,-1,1,1,0,8551.997184753418,145.42700000000002,0,79.89931106567383
2,572.575,1.0,1,SCALE,0.4,True,,,True,-1,1,1,0,50359.53617095947,730.4010000000001,0,0.0
2,0.267,1.0,5,SCALE,0.002,True,,,True,-1,1,1,0,7394.08802986145,12.372,0,157.71889686584473
2,3.767,1.0,5,SCALE,0.5,True,,,True,-1,1,1,0,7394.08802986145,12.724,0,157.71889686584473
2,1472.495,1.0,9,SCALE,0.2,True,,,True,-1,1,1,0,11522.687196731567,2098.742,0,324.28908348083496
2,7.848,1.0,3,SCALE,0.4,True,,,True,-1,1,1,0,7644.220352172852,19.819000000000003,0,73.52256774902344
2,6.249,1.0,10,SCALE,0.005,True,,,True,-1,1,1,0,8551.997184753418,148.23600000000002,0,79.89931106567383
2,10.595,1.0,1,SCALE,0.01,True,,,True,-1,1,1,0,50359.53617095947,727.5559999999999,0,0.0
2,8.617,1.0,3,SCALE,0.5,True,,,True,-1,1,1,0,7644.220352172852,19.532999999999998,0,73.52256774902344
2,1.744,1.0,7,SCALE,0.1,True,,,True,-1,1,1,0,7379.174709320068,13.96,0,703.7992477416992
2,0.767,1.0,12,SCALE,0.002,True,,,True,-1,1,1,0,7475.3265380859375,20.817,0,32.5467586517334
2,0.437,1.0,7,SCALE,0.01,True,,,True,-1,1,1,0,7379.174709320068,13.818000000000001,0,703.7992477416992
2,1.651,1.0,12,SCALE,0.1,True,,,True,-1,1,1,0,7475.3265380859375,21.12,0,32.5467586517334
2,4.777,1.0,7,SCALE,0.4,True,,,True,-1,1,1,0,7379.174709320068,14.390999999999998,0,703.7992477416992
2,3.932,1.0,7,SCALE,0.3,True,,,True,-1,1,1,0,7379.174709320068,14.310999999999998,0,703.7992477416992
2,54.522,1.0,10,SCALE,0.2,True,,,True,-1,1,1,0,8551.997184753418,147.026,0,79.89931106567383
2,2.431,1.0,12,SCALE,0.2,True,,,True,-1,1,1,0,7475.3265380859375,21.294,0,32.5467586517334
2,1.206,1.0,3,SCALE,0.005,True,,,True,-1,1,1,0,7644.220352172852,19.396,0,73.52256774902344
2,2245.492,1.0,9,SCALE,0.4,True,,,True,-1,1,1,0,11522.687196731567,2078.2339999999995,0,324.28908348083496
2,5.814,1.0,7,SCALE,0.5,True,,,True,-1,1,1,0,7379.174709320068,14.558,0,703.7992477416992
2,0.992,1.0,12,SCALE,0.02,True,,,True,-1,1,1,0,7475.3265380859375,21.262,0,32.5467586517334
2,3.999,1.0,12,SCALE,0.4,True,,,True,-1,1,1,0,7475.3265380859375,21.173000000000002,0,32.5467586517334
2,0.662,1.0,7,SCALE,0.02,True,,,True,-1,1,1,0,7379.174709320068,14.825,0,703.7992477416992
2,89.232,1.0,10,SCALE,0.4,True,,,True,-1,1,1,0,8551.997184753418,146.927,0,79.89931106567383
2,38.882,1.0,9,SCALE,0.001,True,,,True,-1,1,1,0,11522.687196731567,2071.33,0,324.28908348083496
2,1.739,1.0,1,SCALE,0.002,True,,,True,-1,1,1,0,50359.53617095947,746.4499999999999,0,0.0
2,0.532,1.0,5,SCALE,0.02,True,,,True,-1,1,1,0,7394.08802986145,12.053,0,157.71889686584473
2,70.54,1.0,1,SCALE,0.05,True,,,True,-1,1,1,0,50359.53617095947,737.3580000000001,0,0.0
2,511.231,1.0,9,SCALE,0.05,True,,,True,-1,1,1,0,11522.687196731567,2098.715,0,324.28908348083496
2,50.419,1.0,9,SCALE,0.002,True,,,True,-1,1,1,0,11522.687196731567,2100.991,0,324.28908348083496
2,701.71,1.0,1,SCALE,0.5,True,,,True,-1,1,1,0,50359.53617095947,729.059,0,0.0
2,1.074,1.0,3,SCALE,0.001,True,,,True,-1,1,1,0,7644.220352172852,19.676,0,73.52256774902344
2,0.771,1.0,12,SCALE,0.001,True,,,True,-1,1,1,0,7475.3265380859375,21.363,0,32.5467586517334
2,0.224,1.0,5,SCALE,0.001,True,,,True,-1,1,1,0,7394.08802986145,12.465,0,157.71889686584473
2,2.095,1.0,5,SCALE,0.2,True,,,True,-1,1,1,0,7394.08802986145,12.176,0,157.71889686584473
2,2.367,1.0,3,SCALE,0.05,True,,,True,-1,1,1,0,7644.220352172852,19.226,0,73.52256774902344
2,1.284,1.0,5,SCALE,0.1,True,,,True,-1,1,1,0,7394.08802986145,12.083,0,157.71889686584473
2,5.052,1.0,3,SCALE,0.2,True,,,True,-1,1,1,0,7644.220352172852,19.632,0,73.52256774902344
2,0.27,1.0,7,SCALE,0.002,True,,,True,-1,1,1,0,7379.174709320068,14.184000000000001,0,703.7992477416992
2,1.663,1.0,3,SCALE,0.02,True,,,True,-1,1,1,0,7644.220352172852,19.79,0,73.52256774902344
2,102.623,1.0,10,SCALE,0.5,True,,,True,-1,1,1,0,8551.997184753418,146.72199999999998,0,79.89931106567383
2,0.353,1.0,7,SCALE,0.005,True,,,True,-1,1,1,0,7379.174709320068,13.986,0,703.7992477416992
2,228.867,1.0,9,SCALE,0.02,True,,,True,-1,1,1,0,11522.687196731567,2086.866,0,324.28908348083496
2,0.207,1.0,7,SCALE,0.001,True,,,True,-1,1,1,0,7379.174709320068,13.944999999999999,0,703.7992477416992
2,1.307,1.0,12,SCALE,0.05,True,,,True,-1,1,1,0,7475.3265380859375,21.64,0,32.5467586517334
2,141.167,1.0,1,SCALE,0.1,True,,,True,-1,1,1,0,50359.53617095947,727.131,0,0.0
2,1911.116,1.0,9,SCALE,0.3,True,,,True,-1,1,1,0,11522.687196731567,2078.527,0,324.28908348083496
2,0.853,1.0,12,SCALE,0.005,True,,,True,-1,1,1,0,7475.3265380859375,21.697999999999997,0,32.5467586517334
2,0.891,1.0,5,SCALE,0.05,True,,,True,-1,1,1,0,7394.08802986145,12.366,0,157.71889686584473
2,19.587,1.0,10,SCALE,0.05,True,,,True,-1,1,1,0,8551.997184753418,147.51700000000002,0,79.89931106567383
2,2.87,1.0,7,SCALE,0.2,True,,,True,-1,1,1,0,7379.174709320068,13.812999999999999,0,703.7992477416992
2,3.236,1.0,12,SCALE,0.3,True,,,True,-1,1,1,0,7475.3265380859375,21.518,0,32.5467586517334
2,0.401,1.0,5,SCALE,0.01,True,,,True,-1,1,1,0,7394.08802986145,12.102,0,157.71889686584473
2,1.037,1.0,3,SCALE,0.002,True,,,True,-1,1,1,0,7644.220352172852,19.221,0,73.52256774902344
2,3.364,1.0,3,SCALE,0.1,True,,,True,-1,1,1,0,7644.220352172852,19.735,0,73.52256774902344
2,0.833,1.0,1,SCALE,0.001,True,,,True,-1,1,1,0,50359.53617095947,752.298,0,0.0
2,4.779,1.0,12,SCALE,0.5,True,,,True,-1,1,1,0,7475.3265380859375,21.181,0,32.5467586517334
2,7.912,1.0,10,SCALE,0.01,True,,,True,-1,1,1,0,8551.997184753418,146.971,0,79.89931106567383
2,0.88,1.0,12,SCALE,0.01,True,,,True,-1,1,1,0,7475.3265380859375,20.835,0,32.5467586517334
2,10.979,1.0,10,SCALE,0.02,True,,,True,-1,1,1,0,8551.997184753418,147.156,0,79.89931106567383
2,421.873,1.0,1,SCALE,0.3,True,,,True,-1,1,1,0,50359.53617095947,728.124,0,0.0
2,81.77,1.0,9,SCALE,0.005,True,,,True,-1,1,1,0,11522.687196731567,2089.06,0,324.28908348083496
2,0.334,1.0,5,SCALE,0.005,True,,,True,-1,1,1,0,7394.08802986145,12.506,0,157.71889686584473
2,2448.039,1.0,9,SCALE,0.5,True,,,True,-1,1,1,0,11522.687196731567,2091.6599999999994,0,324.28908348083496
2,6.567,1.0,3,SCALE,0.3,True,,,True,-1,1,1,0,7644.220352172852,20.368,0,73.52256774902344
1,1.356,1.0,3,SCALE,0.01,True,,,True,-1,1,1,0,7644.220352172852,19.311,0,73.52256774902344
1,4.598,1.0,10,SCALE,0.001,True,,,True,-1,1,1,0,8551.997184753418,147.35899999999998,0,79.89931106567383
1,3.281,1.0,5,SCALE,0.4,True,,,True,-1,1,1,0,7394.08802986145,12.354999999999999,0,157.71889686584473
1,133.873,1.0,9,SCALE,0.01,True,,,True,-1,1,1,0,11522.687196731567,2096.557,0,324.28908348083496
1,1.101,1.0,7,SCALE,0.05,True,,,True,-1,1,1,0,7379.174709320068,14.559999999999999,0,703.7992477416992
1,4.616,1.0,1,SCALE,0.005,True,,,True,-1,1,1,0,50359.53617095947,741.034,0,0.0
1,881.02,1.0,9,SCALE,0.1,True,,,True,-1,1,1,0,11522.687196731567,2079.165,0,324.28908348083496
1,286.507,1.0,1,SCALE,0.2,True,,,True,-1,1,1,0,50359.53617095947,738.9739999999999,0,0.0
1,28.498,1.0,1,SCALE,0.02,True,,,True,-1,1,1,0,50359.53617095947,736.1229999999999,0,0.0
1,33.266,1.0,10,SCALE,0.1,True,,,True,-1,1,1,0,8551.997184753418,147.774,0,79.89931106567383
1,4.974,1.0,10,SCALE,0.002,True,,,True,-1,1,1,0,8551.997184753418,147.928,0,79.89931106567383
1,2.71,1.0,5,SCALE,0.3,True,,,True,-1,1,1,0,7394.08802986145,12.204,0,157.71889686584473
1,72.451,1.0,10,SCALE,0.3,True,,,True,-1,1,1,0,8551.997184753418,145.747,0,79.89931106567383
1,562.215,1.0,1,SCALE,0.4,True,,,True,-1,1,1,0,50359.53617095947,733.871,0,0.0
1,0.246,1.0,5,SCALE,0.002,True,,,True,-1,1,1,0,7394.08802986145,11.949,0,157.71889686584473
1,3.84,1.0,5,SCALE,0.5,True,,,True,-1,1,1,0,7394.08802986145,12.882000000000001,0,157.71889686584473
1,1475.687,1.0,9,SCALE,0.2,True,,,True,-1,1,1,0,11522.687196731567,2079.3430000000003,0,324.28908348083496
1,7.715,1.0,3,SCALE,0.4,True,,,True,-1,1,1,0,7644.220352172852,19.637,0,73.52256774902344
1,6.195,1.0,10,SCALE,0.005,True,,,True,-1,1,1,0,8551.997184753418,147.079,0,79.89931106567383
1,10.998,1.0,1,SCALE,0.01,True,,,True,-1,1,1,0,50359.53617095947,727.213,0,0.0
1,8.716,1.0,3,SCALE,0.5,True,,,True,-1,1,1,0,7644.220352172852,19.802,0,73.52256774902344
1,1.746,1.0,7,SCALE,0.1,True,,,True,-1,1,1,0,7379.174709320068,13.841999999999999,0,703.7992477416992
1,0.782,1.0,12,SCALE,0.002,True,,,True,-1,1,1,0,7475.3265380859375,21.087,0,32.5467586517334
1,0.477,1.0,7,SCALE,0.01,True,,,True,-1,1,1,0,7379.174709320068,14.14,0,703.7992477416992
1,1.667,1.0,12,SCALE,0.1,True,,,True,-1,1,1,0,7475.3265380859375,21.572999999999997,0,32.5467586517334
1,4.999,1.0,7,SCALE,0.4,True,,,True,-1,1,1,0,7379.174709320068,14.489,0,703.7992477416992
1,4.248,1.0,7,SCALE,0.3,True,,,True,-1,1,1,0,7379.174709320068,14.570999999999998,0,703.7992477416992
1,54.759,1.0,10,SCALE,0.2,True,,,True,-1,1,1,0,8551.997184753418,147.90699999999998,0,79.89931106567383
1,2.44,1.0,12,SCALE,0.2,True,,,True,-1,1,1,0,7475.3265380859375,21.049,0,32.5467586517334
1,1.221,1.0,3,SCALE,0.005,True,,,True,-1,1,1,0,7644.220352172852,19.625,0,73.52256774902344
1,2238.017,1.0,9,SCALE,0.4,True,,,True,-1,1,1,0,11522.687196731567,2087.9530000000004,0,324.28908348083496
1,5.47,1.0,7,SCALE,0.5,True,,,True,-1,1,1,0,7379.174709320068,14.416,0,703.7992477416992
1,1.01,1.0,12,SCALE,0.02,True,,,True,-1,1,1,0,7475.3265380859375,21.488,0,32.5467586517334
1,4.007,1.0,12,SCALE,0.4,True,,,True,-1,1,1,0,7475.3265380859375,21.180999999999997,0,32.5467586517334
1,0.66,1.0,7,SCALE,0.02,True,,,True,-1,1,1,0,7379.174709320068,13.909,0,703.7992477416992
1,90.734,1.0,10,SCALE,0.4,True,,,True,-1,1,1,0,8551.997184753418,145.861,0,79.89931106567383
1,38.719,1.0,9,SCALE,0.001,True,,,True,-1,1,1,0,11522.687196731567,2098.232,0,324.28908348083496
1,1.644,1.0,1,SCALE,0.002,True,,,True,-1,1,1,0,50359.53617095947,737.029,0,0.0
1,0.554,1.0,5,SCALE,0.02,True,,,True,-1,1,1,0,7394.08802986145,12.233,0,157.71889686584473
1,71.946,1.0,1,SCALE,0.05,True,,,True,-1,1,1,0,50359.53617095947,737.843,0,0.0
1,498.776,1.0,9,SCALE,0.05,True,,,True,-1,1,1,0,11522.687196731567,2089.925,0,324.28908348083496
1,50.18,1.0,9,SCALE,0.002,True,,,True,-1,1,1,0,11522.687196731567,2101.871,0,324.28908348083496
1,714.302,1.0,1,SCALE,0.5,True,,,True,-1,1,1,0,50359.53617095947,739.696,0,0.0
1,1.025,1.0,3,SCALE,0.001,True,,,True,-1,1,1,0,7644.220352172852,19.296000000000003,0,73.52256774902344
1,0.73,1.0,12,SCALE,0.001,True,,,True,-1,1,1,0,7475.3265380859375,20.418,0,32.5467586517334
1,0.226,1.0,5,SCALE,0.001,True,,,True,-1,1,1,0,7394.08802986145,12.415999999999999,0,157.71889686584473
1,2.101,1.0,5,SCALE,0.2,True,,,True,-1,1,1,0,7394.08802986145,12.169,0,157.71889686584473
1,2.367,1.0,3,SCALE,0.05,True,,,True,-1,1,1,0,7644.220352172852,19.741,0,73.52256774902344
1,1.357,1.0,5,SCALE,0.1,True,,,True,-1,1,1,0,7394.08802986145,12.564,0,157.71889686584473
1,5.044,1.0,3,SCALE,0.2,True,,,True,-1,1,1,0,7644.220352172852,19.384,0,73.52256774902344
1,0.273,1.0,7,SCALE,0.002,True,,,True,-1,1,1,0,7379.174709320068,13.658,0,703.7992477416992
1,1.656,1.0,3,SCALE,0.02,True,,,True,-1,1,1,0,7644.220352172852,19.704,0,73.52256774902344
1,101.93,1.0,10,SCALE,0.5,True,,,True,-1,1,1,0,8551.997184753418,145.339,0,79.89931106567383
1,0.327,1.0,7,SCALE,0.005,True,,,True,-1,1,1,0,7379.174709320068,14.0,0,703.7992477416992
1,233.83,1.0,9,SCALE,0.02,True,,,True,-1,1,1,0,11522.687196731567,2103.704,0,324.28908348083496
1,0.211,1.0,7,SCALE,0.001,True,,,True,-1,1,1,0,7379.174709320068,14.09,0,703.7992477416992
1,1.322,1.0,12,SCALE,0.05,True,,,True,-1,1,1,0,7475.3265380859375,21.314,0,32.5467586517334
1,140.778,1.0,1,SCALE,0.1,True,,,True,-1,1,1,0,50359.53617095947,728.12,0,0.0
1,1926.631,1.0,9,SCALE,0.3,True,,,True,-1,1,1,0,11522.687196731567,2089.639,0,324.28908348083496
1,0.824,1.0,12,SCALE,0.005,True,,,True,-1,1,1,0,7475.3265380859375,21.144,0,32.5467586517334
1,0.919,1.0,5,SCALE,0.05,True,,,True,-1,1,1,0,7394.08802986145,12.652999999999999,0,157.71889686584473
1,19.435,1.0,10,SCALE,0.05,True,,,True,-1,1,1,0,8551.997184753418,147.349,0,79.89931106567383
1,2.978,1.0,7,SCALE,0.2,True,,,True,-1,1,1,0,7379.174709320068,13.687,0,703.7992477416992
1,3.231,1.0,12,SCALE,0.3,True,,,True,-1,1,1,0,7475.3265380859375,21.238999999999997,0,32.5467586517334
1,0.423,1.0,5,SCALE,0.01,True,,,True,-1,1,1,0,7394.08802986145,12.466,0,157.71889686584473
1,1.08,1.0,3,SCALE,0.002,True,,,True,-1,1,1,0,7644.220352172852,19.78,0,73.52256774902344
1,3.435,1.0,3,SCALE,0.1,True,,,True,-1,1,1,0,7644.220352172852,19.677,0,73.52256774902344
1,0.857,1.0,1,SCALE,0.001,True,,,True,-1,1,1,0,50359.53617095947,744.419,0,0.0
1,4.74,1.0,12,SCALE,0.5,True,,,True,-1,1,1,0,7475.3265380859375,21.186999999999998,0,32.5467586517334
1,8.052,1.0,10,SCALE,0.01,True,,,True,-1,1,1,0,8551.997184753418,149.352,0,79.89931106567383
1,0.966,1.0,12,SCALE,0.01,True,,,True,-1,1,1,0,7475.3265380859375,21.023,0,32.5467586517334
1,10.925,1.0,10,SCALE,0.02,True,,,True,-1,1,1,0,8551.997184753418,147.92399999999998,0,79.89931106567383
1,431.658,1.0,1,SCALE,0.3,True,,,True,-1,1,1,0,50359.53617095947,737.9250000000001,0,0.0
1,81.573,1.0,9,SCALE,0.005,True,,,True,-1,1,1,0,11522.687196731567,2091.661,0,324.28908348083496
1,0.308,1.0,5,SCALE,0.005,True,,,True,-1,1,1,0,7394.08802986145,12.194,0,157.71889686584473
1,2460.745,1.0,9,SCALE,0.5,True,,,True,-1,1,1,0,11522.687196731567,2077.1850000000004,0,324.28908348083496
1,6.522,1.0,3,SCALE,0.3,True,,,True,-1,1,1,0,7644.220352172852,19.714999999999996,0,73.52256774902344
