iter,sf,qid,itype,prob,incremental,use_duckdb,is_scalar,prune,num_threads,distinct,batch,post_time,gen_time,prep_time,compile_time,eval_time,prune_time,lineage_time,ksemimodule_timing,spec,lineage_count,lineage_count_prune,lineage_size_mb,lineage_size_mb_prune,use_gb_backward_lineage,code_gen_time,data_time
1,1.0,1,DENSE_DELETE,0.001,false,false,true,true,1,1,4,0.117568,0.09328,0.021294,1.070157,0.028763,0.0,0.042823,1.6083025932312012,,11833182,11833182,45.140007,45.140007,false,5.4e-05,0.302379
2,1.0,1,DENSE_DELETE,0.001,false,false,true,true,1,1,4,0.118194,0.093121,0.021195,1.06418,0.028436,0.0,0.042673,1.6007764339447021,,11833182,11833182,45.140007,45.140007,false,4.8e-05,0.301815
1,1.0,1,DENSE_DELETE,0.002,false,false,true,true,1,1,4,0.118231,0.093128,0.021251,1.079192,0.028662,0.0,0.042735,1.5776655673980713,,11833182,11833182,45.140007,45.140007,false,5.1e-05,0.306208
2,1.0,1,DENSE_DELETE,0.002,false,false,true,true,1,1,4,0.118742,0.093149,0.021277,1.066047,0.028729,0.0,0.043067,1.5946731567382812,,11833182,11833182,45.140007,45.140007,false,5e-05,0.300959
1,1.0,1,DENSE_DELETE,0.005,false,false,true,true,1,1,4,0.118131,0.093097,0.021206,1.069492,0.028874,0.0,0.042887,1.5837154388427734,,11833182,11833182,45.140007,45.140007,false,4.9e-05,0.301132
2,1.0,1,DENSE_DELETE,0.005,false,false,true,true,1,1,4,0.119152,0.09314,0.021299,1.067473,0.028987,0.0,0.043115,1.5946545600891113,,11833182,11833182,45.140007,45.140007,false,4.9e-05,0.302332
1,1.0,1,DENSE_DELETE,0.01,false,false,true,true,1,1,4,0.119083,0.092822,0.021325,1.0678,0.029354,0.0,0.043076,1.5871031284332275,,11833182,11833182,45.140007,45.140007,false,6.2e-05,0.303427
2,1.0,1,DENSE_DELETE,0.01,false,false,true,true,1,1,4,0.118466,0.093051,0.0214,1.066535,0.029291,0.0,0.043256,1.589242935180664,,11833182,11833182,45.140007,45.140007,false,5.4e-05,0.308719
1,1.0,1,DENSE_DELETE,0.02,false,false,true,true,1,1,4,0.118672,0.093271,0.021322,1.064333,0.029978,0.0,0.043043,1.5763096809387207,,11833182,11833182,45.140007,45.140007,false,5.2e-05,0.302809
2,1.0,1,DENSE_DELETE,0.02,false,false,true,true,1,1,4,0.118595,0.093182,0.021414,1.069703,0.03003,0.0,0.043368,1.5910041332244873,,11833182,11833182,45.140007,45.140007,false,5.1e-05,0.30328
1,1.0,1,DENSE_DELETE,0.05,false,false,true,true,1,1,4,0.118583,0.09302,0.021593,1.06539,0.032413,0.0,0.043531,1.6127724647521973,,11833182,11833182,45.140007,45.140007,false,5.4e-05,0.304148
2,1.0,1,DENSE_DELETE,0.05,false,false,true,true,1,1,4,0.117444,0.093056,0.021319,1.071324,0.032113,0.0,0.042889,1.593667984008789,,11833182,11833182,45.140007,45.140007,false,5.1e-05,0.305729
1,1.0,1,DENSE_DELETE,0.1,false,false,true,true,1,1,4,0.118178,0.09306,0.021329,1.070933,0.036264,0.0,0.043041,1.5841946601867676,,11833182,11833182,45.140007,45.140007,false,6e-05,0.30163
2,1.0,1,DENSE_DELETE,0.1,false,false,true,true,1,1,4,0.118188,0.093036,0.021239,1.126126,0.035964,0.0,0.042878,1.5842714309692383,,11833182,11833182,45.140007,45.140007,false,5.1e-05,0.302314
1,1.0,1,DENSE_DELETE,0.2,false,false,true,true,1,1,4,0.118131,0.092905,0.021332,1.066411,0.044252,0.0,0.042607,1.5925660133361816,,11833182,11833182,45.140007,45.140007,false,4.9e-05,0.300344
2,1.0,1,DENSE_DELETE,0.2,false,false,true,true,1,1,4,0.11802,0.093014,0.02129,1.07271,0.044083,0.0,0.043137,1.5736703872680664,,11833182,11833182,45.140007,45.140007,false,5.2e-05,0.303147
1,1.0,1,DENSE_DELETE,0.3,false,false,true,true,1,1,4,0.118327,0.093271,0.021264,1.067844,0.052833,0.0,0.04332,1.5884857177734375,,11833182,11833182,45.140007,45.140007,false,5e-05,0.302505
2,1.0,1,DENSE_DELETE,0.3,false,false,true,true,1,1,4,0.119099,0.093008,0.021239,1.067847,0.052879,0.0,0.043542,1.5938119888305664,,11833182,11833182,45.140007,45.140007,false,4.9e-05,0.304243
1,1.0,1,DENSE_DELETE,0.4,false,false,true,true,1,1,4,0.118482,0.093161,0.021239,1.073103,0.061638,0.0,0.043165,1.5816879272460938,,11833182,11833182,45.140007,45.140007,false,4.9e-05,0.304284
2,1.0,1,DENSE_DELETE,0.4,false,false,true,true,1,1,4,0.117408,0.093027,0.021369,1.063066,0.061551,0.0,0.042931,1.6011366844177246,,11833182,11833182,45.140007,45.140007,false,5.1e-05,0.301586
1,1.0,1,DENSE_DELETE,0.5,false,false,true,true,1,1,4,0.118043,0.092966,0.021319,1.065601,0.066153,0.0,0.043658,1.6052649021148682,,11833182,11833182,45.140007,45.140007,false,5.5e-05,0.303301
2,1.0,1,DENSE_DELETE,0.5,false,false,true,true,1,1,4,0.118208,0.093236,0.021267,1.068185,0.066021,0.0,0.043295,1.5774321556091309,,11833182,11833182,45.140007,45.140007,false,5e-05,0.302826
1,1.0,3,DENSE_DELETE,0.001,false,false,true,true,1,1,4,0.034552,0.000801,0.000595,1.159057,8.4e-05,0.013109,0.027765,0.3294253349304199,,4237529,132083,16.16489,0.503857,false,1.8e-05,0.000166
2,1.0,3,DENSE_DELETE,0.001,false,false,true,true,1,1,4,0.034838,0.000799,0.000632,1.09675,9.9e-05,0.013093,0.02789,0.33188700675964355,,4237529,132083,16.16489,0.503857,false,1.9e-05,0.000172
1,1.0,3,DENSE_DELETE,0.002,false,false,true,true,1,1,4,0.03566,0.000932,0.000604,1.056496,8.3e-05,0.013198,0.027975,0.32642483711242676,,4237529,132083,16.16489,0.503857,false,1.8e-05,0.000185
2,1.0,3,DENSE_DELETE,0.002,false,false,true,true,1,1,4,0.035025,0.000799,0.000603,1.052093,8.6e-05,0.013094,0.027871,0.32738733291625977,,4237529,132083,16.16489,0.503857,false,1.9e-05,0.000167
1,1.0,3,DENSE_DELETE,0.005,false,false,true,true,1,1,4,0.035326,0.000797,0.000593,1.047964,8.4e-05,0.013063,0.027911,0.32857251167297363,,4237529,132083,16.16489,0.503857,false,1.9e-05,0.000172
2,1.0,3,DENSE_DELETE,0.005,false,false,true,true,1,1,4,0.035306,0.00083,0.000624,1.051923,8.4e-05,0.013045,0.027607,0.3306577205657959,,4237529,132083,16.16489,0.503857,false,1.8e-05,0.000184
1,1.0,3,DENSE_DELETE,0.01,false,false,true,true,1,1,4,0.03483,0.000797,0.000579,1.045807,9.2e-05,0.013149,0.02788,0.3404877185821533,,4237529,132083,16.16489,0.503857,false,1.8e-05,0.000167
2,1.0,3,DENSE_DELETE,0.01,false,false,true,true,1,1,4,0.035034,0.000793,0.000635,1.052737,8.3e-05,0.013113,0.027934,0.33372044563293457,,4237529,132083,16.16489,0.503857,false,1.9e-05,0.000168
1,1.0,3,DENSE_DELETE,0.02,false,false,true,true,1,1,4,0.034792,0.000795,0.000594,1.049723,9.7e-05,0.013102,0.027789,0.33255720138549805,,4237529,132083,16.16489,0.503857,false,1.8e-05,0.000164
2,1.0,3,DENSE_DELETE,0.02,false,false,true,true,1,1,4,0.035288,0.000801,0.000595,1.053864,8.5e-05,0.01302,0.027711,0.3277101516723633,,4237529,132083,16.16489,0.503857,false,1.7e-05,0.000188
1,1.0,3,DENSE_DELETE,0.05,false,false,true,true,1,1,4,0.035638,0.000802,0.000627,1.04872,8.5e-05,0.013216,0.027744,0.32634615898132324,,4237529,132083,16.16489,0.503857,false,1.8e-05,0.000174
2,1.0,3,DENSE_DELETE,0.05,false,false,true,true,1,1,4,0.036886,0.000811,0.000639,1.142675,8.4e-05,0.013046,0.02798,0.33019280433654785,,4237529,132083,16.16489,0.503857,false,1.8e-05,0.000181
1,1.0,3,DENSE_DELETE,0.1,false,false,true,true,1,1,4,0.036001,0.000804,0.000605,1.055662,8.6e-05,0.013007,0.027816,0.3326876163482666,,4237529,132083,16.16489,0.503857,false,2e-05,0.000177
2,1.0,3,DENSE_DELETE,0.1,false,false,true,true,1,1,4,0.03576,0.000799,0.000638,1.061897,9.6e-05,0.01299,0.027757,0.32848215103149414,,4237529,132083,16.16489,0.503857,false,1.8e-05,0.000169
1,1.0,3,DENSE_DELETE,0.2,false,false,true,true,1,1,4,0.035868,0.000826,0.000617,1.048354,8.7e-05,0.012972,0.027873,0.32960987091064453,,4237529,132083,16.16489,0.503857,false,1.9e-05,0.000174
2,1.0,3,DENSE_DELETE,0.2,false,false,true,true,1,1,4,0.034532,0.000824,0.000623,1.06054,9.4e-05,0.013159,0.028016,0.3356177806854248,,4237529,132083,16.16489,0.503857,false,1.8e-05,0.00018
1,1.0,3,DENSE_DELETE,0.3,false,false,true,true,1,1,4,0.035305,0.000832,0.000605,1.053018,9.2e-05,0.013036,0.027997,0.3274097442626953,,4237529,132083,16.16489,0.503857,false,1.8e-05,0.00017
2,1.0,3,DENSE_DELETE,0.3,false,false,true,true,1,1,4,0.035465,0.000814,0.000613,1.054068,9.5e-05,0.013037,0.028075,0.33028745651245117,,4237529,132083,16.16489,0.503857,false,1.8e-05,0.000168
1,1.0,3,DENSE_DELETE,0.4,false,false,true,true,1,1,4,0.034655,0.000806,0.000588,1.061518,0.000149,0.013131,0.028005,0.32900381088256836,,4237529,132083,16.16489,0.503857,false,2e-05,0.000169
2,1.0,3,DENSE_DELETE,0.4,false,false,true,true,1,1,4,0.034898,0.000837,0.000592,1.051372,9.8e-05,0.013191,0.02796,0.3282334804534912,,4237529,132083,16.16489,0.503857,false,1.8e-05,0.000179
1,1.0,3,DENSE_DELETE,0.5,false,false,true,true,1,1,4,0.035155,0.000796,0.000589,1.097066,0.000127,0.013019,0.027824,0.3289961814880371,,4237529,132083,16.16489,0.503857,false,1.9e-05,0.000177
2,1.0,3,DENSE_DELETE,0.5,false,false,true,true,1,1,4,0.034063,0.000845,0.00062,1.071718,0.000119,0.013055,0.027942,0.32918500900268555,,4237529,132083,16.16489,0.503857,false,1.8e-05,0.00019
1,1.0,5,DENSE_DELETE,0.001,false,false,true,true,1,1,4,0.020266,0.000345,0.000346,1.065422,4.4e-05,0.010403,0.032802,0.3691847324371338,,6693785,60951,25.534763,0.23251,false,2.2e-05,5e-05
2,1.0,5,DENSE_DELETE,0.001,false,false,true,true,1,1,4,0.020681,0.000353,0.000345,1.081018,4.2e-05,0.01046,0.033017,0.3704080581665039,,6693785,60951,25.534763,0.23251,false,2.2e-05,4.5e-05
1,1.0,5,DENSE_DELETE,0.002,false,false,true,true,1,1,4,0.019928,0.000344,0.000342,1.11423,4.3e-05,0.010472,0.032763,0.36926770210266113,,6693785,60951,25.534763,0.23251,false,2.1e-05,4.7e-05
2,1.0,5,DENSE_DELETE,0.002,false,false,true,true,1,1,4,0.020876,0.000353,0.000355,1.060784,4.2e-05,0.010529,0.03358,0.36602091789245605,,6693785,60951,25.534763,0.23251,false,2.2e-05,4.7e-05
1,1.0,5,DENSE_DELETE,0.005,false,false,true,true,1,1,4,0.020028,0.000357,0.000355,1.063209,4.3e-05,0.010414,0.032909,0.36995410919189453,,6693785,60951,25.534763,0.23251,false,2.1e-05,4.9e-05
2,1.0,5,DENSE_DELETE,0.005,false,false,true,true,1,1,4,0.018841,0.000349,0.000331,1.062551,4.2e-05,0.010411,0.032479,0.3688619136810303,,6693785,60951,25.534763,0.23251,false,2.1e-05,4.6e-05
1,1.0,5,DENSE_DELETE,0.01,false,false,true,true,1,1,4,0.019524,0.000357,0.000355,1.104866,4.3e-05,0.010423,0.032699,0.3710167407989502,,6693785,60951,25.534763,0.23251,false,2.1e-05,4.8e-05
2,1.0,5,DENSE_DELETE,0.01,false,false,true,true,1,1,4,0.019801,0.000353,0.000318,1.069453,4.4e-05,0.0104,0.032467,0.372638463973999,,6693785,60951,25.534763,0.23251,false,2.1e-05,4.5e-05
1,1.0,5,DENSE_DELETE,0.02,false,false,true,true,1,1,4,0.020044,0.000349,0.000332,1.059818,4.4e-05,0.010438,0.032658,0.370133638381958,,6693785,60951,25.534763,0.23251,false,2.7e-05,4.6e-05
2,1.0,5,DENSE_DELETE,0.02,false,false,true,true,1,1,4,0.020343,0.000349,0.00035,1.061628,4.4e-05,0.010441,0.033104,0.36934876441955566,,6693785,60951,25.534763,0.23251,false,2.1e-05,4.6e-05
1,1.0,5,DENSE_DELETE,0.05,false,false,true,true,1,1,4,0.020658,0.000353,0.000344,1.161672,6.6e-05,0.0105,0.032563,0.37456417083740234,,6693785,60951,25.534763,0.23251,false,2.2e-05,5.2e-05
2,1.0,5,DENSE_DELETE,0.05,false,false,true,true,1,1,4,0.019468,0.000346,0.00033,1.061385,4.2e-05,0.010417,0.032749,0.3679683208465576,,6693785,60951,25.534763,0.23251,false,2.2e-05,4.7e-05
1,1.0,5,DENSE_DELETE,0.1,false,false,true,true,1,1,4,0.019755,0.000351,0.000324,1.071027,4.2e-05,0.010464,0.032296,0.36650657653808594,,6693785,60951,25.534763,0.23251,false,2.2e-05,6.1e-05
2,1.0,5,DENSE_DELETE,0.1,false,false,true,true,1,1,4,0.019655,0.000353,0.000339,1.066782,4.3e-05,0.010495,0.032345,0.3705790042877197,,6693785,60951,25.534763,0.23251,false,2.1e-05,4.6e-05
1,1.0,5,DENSE_DELETE,0.2,false,false,true,true,1,1,4,0.019634,0.000351,0.000323,1.060907,4.4e-05,0.010417,0.032491,0.36936521530151367,,6693785,60951,25.534763,0.23251,false,2.9e-05,4.5e-05
2,1.0,5,DENSE_DELETE,0.2,false,false,true,true,1,1,4,0.019255,0.000346,0.00033,1.066241,4.3e-05,0.010453,0.032757,0.3667633533477783,,6693785,60951,25.534763,0.23251,false,2.2e-05,4.5e-05
1,1.0,5,DENSE_DELETE,0.3,false,false,true,true,1,1,4,0.019754,0.000342,0.000318,1.061464,4.4e-05,0.010462,0.032268,0.37021470069885254,,6693785,60951,25.534763,0.23251,false,2.1e-05,4.8e-05
2,1.0,5,DENSE_DELETE,0.3,false,false,true,true,1,1,4,0.019948,0.000351,0.000368,1.070313,4.4e-05,0.010472,0.032755,0.3698713779449463,,6693785,60951,25.534763,0.23251,false,2e-05,4.4e-05
1,1.0,5,DENSE_DELETE,0.4,false,false,true,true,1,1,4,0.019974,0.000354,0.00031,1.063593,4.3e-05,0.010472,0.032728,0.3721449375152588,,6693785,60951,25.534763,0.23251,false,2.2e-05,4.5e-05
2,1.0,5,DENSE_DELETE,0.4,false,false,true,true,1,1,4,0.019804,0.000349,0.000366,1.169835,4.3e-05,0.010813,0.032761,0.3699009418487549,,6693785,60951,25.534763,0.23251,false,2.3e-05,4.8e-05
1,1.0,5,DENSE_DELETE,0.5,false,false,true,true,1,1,4,0.020038,0.000349,0.000344,1.061102,4.5e-05,0.010489,0.032718,0.3751668930053711,,6693785,60951,25.534763,0.23251,false,2.2e-05,6.4e-05
2,1.0,5,DENSE_DELETE,0.5,false,false,true,true,1,1,4,0.020293,0.000363,0.000331,1.067436,4.3e-05,0.01055,0.032379,0.3690505027770996,,6693785,60951,25.534763,0.23251,false,2.2e-05,4.7e-05
1,1.0,7,DENSE_DELETE,0.001,false,false,true,true,1,1,4,0.494521,0.000271,0.000412,1.06314,3.7e-05,0.009179,0.06434,0.983421802520752,,8817246,50002,33.635124,0.190742,false,2.7e-05,0.001126
2,1.0,7,DENSE_DELETE,0.001,false,false,true,true,1,1,4,0.516934,0.000265,0.00152,1.060994,4.6e-05,0.009134,0.064034,0.9793603420257568,,8817246,50002,33.635124,0.190742,false,2.4e-05,4.1e-05
1,1.0,7,DENSE_DELETE,0.002,false,false,true,true,1,1,4,0.507374,0.000262,0.000455,1.060294,4.6e-05,0.009126,0.063742,0.9903168678283691,,8817246,50002,33.635124,0.190742,false,2.7e-05,0.001155
2,1.0,7,DENSE_DELETE,0.002,false,false,true,true,1,1,4,0.506493,0.000265,0.000463,1.061567,3.6e-05,0.009164,0.063792,0.98036789894104,,8817246,50002,33.635124,0.190742,false,2.6e-05,0.001101
1,1.0,7,DENSE_DELETE,0.005,false,false,true,true,1,1,4,0.502545,0.000265,0.001265,1.059829,4.3e-05,0.00922,0.064099,0.9814093112945557,,8817246,50002,33.635124,0.190742,false,2.5e-05,0.000318
2,1.0,7,DENSE_DELETE,0.005,false,false,true,true,1,1,4,0.503493,0.000263,0.00153,1.060306,3.6e-05,0.00909,0.063709,0.9837005138397217,,8817246,50002,33.635124,0.190742,false,2.4e-05,4e-05
1,1.0,7,DENSE_DELETE,0.01,false,false,true,true,1,1,4,0.528493,0.000284,0.001065,1.137436,3.9e-05,0.009091,0.063953,0.9811904430389404,,8817246,50002,33.635124,0.190742,false,2.6e-05,0.00052
2,1.0,7,DENSE_DELETE,0.01,false,false,true,true,1,1,4,0.498763,0.000272,0.00085,1.060427,3.9e-05,0.009128,0.063607,0.9912099838256836,,8817246,50002,33.635124,0.190742,false,2.5e-05,0.000739
1,1.0,7,DENSE_DELETE,0.02,false,false,true,true,1,1,4,0.485988,0.000272,0.00065,1.06709,3.9e-05,0.009169,0.063745,1.003169298171997,,8817246,50002,33.635124,0.190742,false,2.5e-05,0.000903
2,1.0,7,DENSE_DELETE,0.02,false,false,true,true,1,1,4,0.504615,0.000269,0.000397,1.061857,3.8e-05,0.009127,0.063878,0.9857220649719238,,8817246,50002,33.635124,0.190742,false,2.8e-05,0.001212
1,1.0,7,DENSE_DELETE,0.05,false,false,true,true,1,1,4,0.496555,0.000283,0.000388,1.057159,3.7e-05,0.009106,0.064155,0.9893543720245361,,8817246,50002,33.635124,0.190742,false,2.7e-05,0.001175
2,1.0,7,DENSE_DELETE,0.05,false,false,true,true,1,1,4,0.490883,0.000265,0.000813,1.061995,4.3e-05,0.009105,0.064448,0.9756462574005127,,8817246,50002,33.635124,0.190742,false,2.6e-05,0.000778
1,1.0,7,DENSE_DELETE,0.1,false,false,true,true,1,1,4,0.488912,0.000269,0.000412,1.063361,3.8e-05,0.00917,0.064227,0.9835896492004395,,8817246,50002,33.635124,0.190742,false,3.7e-05,0.001165
2,1.0,7,DENSE_DELETE,0.1,false,false,true,true,1,1,4,0.50187,0.000266,0.0011,1.067739,3.8e-05,0.009151,0.064293,0.9811708927154541,,8817246,50002,33.635124,0.190742,false,2.6e-05,0.000457
1,1.0,7,DENSE_DELETE,0.2,false,false,true,true,1,1,4,0.504063,0.000271,0.001354,1.065474,3.9e-05,0.009139,0.064429,0.9839577674865723,,8817246,50002,33.635124,0.190742,false,2.5e-05,0.00022
2,1.0,7,DENSE_DELETE,0.2,false,false,true,true,1,1,4,0.49317,0.00027,0.000627,1.076911,3.7e-05,0.00916,0.063825,0.9912567138671875,,8817246,50002,33.635124,0.190742,false,2.6e-05,0.000976
1,1.0,7,DENSE_DELETE,0.3,false,false,true,true,1,1,4,0.493221,0.000269,0.001263,1.05713,3.8e-05,0.009147,0.064017,0.9772059917449951,,8817246,50002,33.635124,0.190742,false,2.5e-05,0.000344
2,1.0,7,DENSE_DELETE,0.3,false,false,true,true,1,1,4,0.496949,0.000279,0.001083,1.064356,3.7e-05,0.009172,0.064095,0.9769449234008789,,8817246,50002,33.635124,0.190742,false,2.9e-05,0.000524
1,1.0,7,DENSE_DELETE,0.4,false,false,true,true,1,1,4,0.498499,0.000276,0.000803,1.061077,3.7e-05,0.009141,0.064779,0.9870593547821045,,8817246,50002,33.635124,0.190742,false,3.2e-05,0.000787
2,1.0,7,DENSE_DELETE,0.4,false,false,true,true,1,1,4,0.495139,0.000266,0.001518,1.064773,3.7e-05,0.009077,0.06439,0.9778501987457275,,8817246,50002,33.635124,0.190742,false,2.4e-05,4.3e-05
1,1.0,7,DENSE_DELETE,0.5,false,false,true,true,1,1,4,0.512371,0.000261,0.00085,1.05566,4e-05,0.009104,0.064291,0.9843447208404541,,8817246,50002,33.635124,0.190742,false,2.7e-05,0.000716
2,1.0,7,DENSE_DELETE,0.5,false,false,true,true,1,1,4,0.499936,0.000269,0.001202,1.058379,3.8e-05,0.009159,0.064087,0.9813482761383057,,8817246,50002,33.635124,0.190742,false,2.5e-05,0.00035
1,1.0,9,DENSE_DELETE,0.001,false,false,true,true,1,1,4,0.073844,0.010448,0.003118,1.064641,0.001061,0.339042,0.0616,0.9520614147186279,,9575428,1734061,36.527359,6.614918,false,4.1e-05,0.001774
2,1.0,9,DENSE_DELETE,0.001,false,false,true,true,1,1,4,0.073364,0.010474,0.00314,1.0634,0.001033,0.334961,0.061103,0.9657406806945801,,9575428,1734061,36.527359,6.614918,false,3.1e-05,0.00176
1,1.0,9,DENSE_DELETE,0.002,false,false,true,true,1,1,4,0.072956,0.010408,0.003129,1.066601,0.001082,0.337688,0.061463,0.9546875953674316,,9575428,1734061,36.527359,6.614918,false,3e-05,0.001742
2,1.0,9,DENSE_DELETE,0.002,false,false,true,true,1,1,4,0.072933,0.01052,0.003113,1.068842,0.001046,0.334847,0.061338,0.9717705249786377,,9575428,1734061,36.527359,6.614918,false,2.9e-05,0.001765
1,1.0,9,DENSE_DELETE,0.005,false,false,true,true,1,1,4,0.075022,0.010439,0.003143,1.060555,0.001031,0.337225,0.061711,0.9670100212097168,,9575428,1734061,36.527359,6.614918,false,3.1e-05,0.001747
2,1.0,9,DENSE_DELETE,0.005,false,false,true,true,1,1,4,0.074205,0.010421,0.003168,1.057268,0.001081,0.337039,0.061456,0.9636456966400146,,9575428,1734061,36.527359,6.614918,false,3.2e-05,0.001744
1,1.0,9,DENSE_DELETE,0.01,false,false,true,true,1,1,4,0.073562,0.010415,0.003137,1.073231,0.001049,0.339894,0.062132,0.9541895389556885,,9575428,1734061,36.527359,6.614918,false,3.2e-05,0.001767
2,1.0,9,DENSE_DELETE,0.01,false,false,true,true,1,1,4,0.073021,0.010421,0.003129,1.082857,0.001079,0.337442,0.061041,0.9596331119537354,,9575428,1734061,36.527359,6.614918,false,3.1e-05,0.001766
1,1.0,9,DENSE_DELETE,0.02,false,false,true,true,1,1,4,0.077332,0.010425,0.003184,1.057181,0.001032,0.338576,0.06173,0.9625966548919678,,9575428,1734061,36.527359,6.614918,false,3.2e-05,0.001777
2,1.0,9,DENSE_DELETE,0.02,false,false,true,true,1,1,4,0.072637,0.010425,0.003139,1.108502,0.00109,0.337663,0.061273,0.9658055305480957,,9575428,1734061,36.527359,6.614918,false,3.9e-05,0.001772
1,1.0,9,DENSE_DELETE,0.05,false,false,true,true,1,1,4,0.072077,0.01042,0.003132,1.068195,0.001034,0.339153,0.061575,0.9617769718170166,,9575428,1734061,36.527359,6.614918,false,3.1e-05,0.001761
2,1.0,9,DENSE_DELETE,0.05,false,false,true,true,1,1,4,0.074158,0.010534,0.003145,1.060077,0.00106,0.335437,0.061359,0.9608457088470459,,9575428,1734061,36.527359,6.614918,false,3.1e-05,0.001744
1,1.0,9,DENSE_DELETE,0.1,false,false,true,true,1,1,4,0.075013,0.010428,0.003128,1.060814,0.001103,0.33714,0.060929,0.9566330909729004,,9575428,1734061,36.527359,6.614918,false,3e-05,0.001757
2,1.0,9,DENSE_DELETE,0.1,false,false,true,true,1,1,4,0.075607,0.010394,0.003128,1.061096,0.001058,0.336294,0.061055,0.9665272235870361,,9575428,1734061,36.527359,6.614918,false,3.1e-05,0.001773
1,1.0,9,DENSE_DELETE,0.2,false,false,true,true,1,1,4,0.074911,0.010439,0.003214,1.110591,0.00105,0.338649,0.061703,0.9578433036804199,,9575428,1734061,36.527359,6.614918,false,3.5e-05,0.001739
2,1.0,9,DENSE_DELETE,0.2,false,false,true,true,1,1,4,0.072697,0.010476,0.003094,1.061355,0.001041,0.337327,0.061503,0.9699728488922119,,9575428,1734061,36.527359,6.614918,false,3e-05,0.001747
1,1.0,9,DENSE_DELETE,0.3,false,false,true,true,1,1,4,0.074242,0.010454,0.003137,1.059239,0.001051,0.3398,0.061169,0.9556400775909424,,9575428,1734061,36.527359,6.614918,false,3.1e-05,0.00173
2,1.0,9,DENSE_DELETE,0.3,false,false,true,true,1,1,4,0.072782,0.01037,0.003136,1.065834,0.00104,0.33611,0.061539,0.9655749797821045,,9575428,1734061,36.527359,6.614918,false,3.1e-05,0.001803
1,1.0,9,DENSE_DELETE,0.4,false,false,true,true,1,1,4,0.072788,0.010529,0.003137,1.129173,0.001048,0.336871,0.061279,0.9653637409210205,,9575428,1734061,36.527359,6.614918,false,3e-05,0.001736
2,1.0,9,DENSE_DELETE,0.4,false,false,true,true,1,1,4,0.073518,0.011509,0.003121,1.113731,0.001054,0.339323,0.061526,0.9564416408538818,,9575428,1734061,36.527359,6.614918,false,3e-05,0.001738
1,1.0,9,DENSE_DELETE,0.5,false,false,true,true,1,1,4,0.073975,0.010423,0.003176,1.066921,0.001089,0.339873,0.061618,0.9627895355224609,,9575428,1734061,36.527359,6.614918,false,3.1e-05,0.001746
2,1.0,9,DENSE_DELETE,0.5,false,false,true,true,1,1,4,0.07283,0.010444,0.00315,1.074314,0.001063,0.338334,0.061809,0.965576171875,,9575428,1734061,36.527359,6.614918,false,3.3e-05,0.00176
1,1.0,10,DENSE_DELETE,0.001,false,false,true,true,1,1,4,0.054699,0.003162,0.001054,1.051716,0.000336,0.073829,0.043023,0.7500114440917969,,2122441,518130,8.09647,1.976509,false,2.5e-05,0.000617
2,1.0,10,DENSE_DELETE,0.001,false,false,true,true,1,1,4,0.054738,0.003116,0.001098,1.054881,0.000338,0.074093,0.042931,0.7521250247955322,,2122441,518130,8.09647,1.976509,false,2.5e-05,0.000651
1,1.0,10,DENSE_DELETE,0.002,false,false,true,true,1,1,4,0.054374,0.00319,0.001059,1.054002,0.000319,0.074636,0.042935,0.7569851875305176,,2122441,518130,8.09647,1.976509,false,2.5e-05,0.000642
2,1.0,10,DENSE_DELETE,0.002,false,false,true,true,1,1,4,0.055215,0.003137,0.001044,1.062586,0.000318,0.073996,0.042959,0.747952938079834,,2122441,518130,8.09647,1.976509,false,2.4e-05,0.000617
1,1.0,10,DENSE_DELETE,0.005,false,false,true,true,1,1,4,0.054499,0.003158,0.001054,1.065191,0.00032,0.073652,0.042783,0.7483141422271729,,2122441,518130,8.09647,1.976509,false,2.5e-05,0.00064
2,1.0,10,DENSE_DELETE,0.005,false,false,true,true,1,1,4,0.055073,0.003194,0.001034,1.091081,0.000321,0.073027,0.043491,0.7492556571960449,,2122441,518130,8.09647,1.976509,false,2.4e-05,0.00063
1,1.0,10,DENSE_DELETE,0.01,false,false,true,true,1,1,4,0.054663,0.003193,0.001049,1.056357,0.000325,0.073233,0.042769,0.7462434768676758,,2122441,518130,8.09647,1.976509,false,2.4e-05,0.000642
2,1.0,10,DENSE_DELETE,0.01,false,false,true,true,1,1,4,0.053111,0.003143,0.001069,1.051892,0.000342,0.073377,0.042638,0.7468798160552979,,2122441,518130,8.09647,1.976509,false,3e-05,0.000625
1,1.0,10,DENSE_DELETE,0.02,false,false,true,true,1,1,4,0.054325,0.00318,0.001068,1.052996,0.000331,0.074086,0.043431,0.7456367015838623,,2122441,518130,8.09647,1.976509,false,2.5e-05,0.000648
2,1.0,10,DENSE_DELETE,0.02,false,false,true,true,1,1,4,0.054086,0.003138,0.001051,1.058633,0.000321,0.073023,0.043087,0.7456121444702148,,2122441,518130,8.09647,1.976509,false,2.5e-05,0.00062
1,1.0,10,DENSE_DELETE,0.05,false,false,true,true,1,1,4,0.053623,0.003152,0.001071,1.098153,0.00033,0.073865,0.0436,0.7464618682861328,,2122441,518130,8.09647,1.976509,false,2.6e-05,0.000635
2,1.0,10,DENSE_DELETE,0.05,false,false,true,true,1,1,4,0.053908,0.003139,0.001042,1.079335,0.000357,0.074278,0.043236,0.7476508617401123,,2122441,518130,8.09647,1.976509,false,2.4e-05,0.000619
1,1.0,10,DENSE_DELETE,0.1,false,false,true,true,1,1,4,0.053778,0.003176,0.001051,1.061994,0.000322,0.073549,0.042816,0.7429821491241455,,2122441,518130,8.09647,1.976509,false,2.5e-05,0.000627
2,1.0,10,DENSE_DELETE,0.1,false,false,true,true,1,1,4,0.05315,0.003133,0.001065,1.052056,0.000319,0.073488,0.04258,0.7445557117462158,,2122441,518130,8.09647,1.976509,false,2.6e-05,0.000652
1,1.0,10,DENSE_DELETE,0.2,false,false,true,true,1,1,4,0.054555,0.003139,0.001067,1.078434,0.000338,0.07479,0.042809,0.7492947578430176,,2122441,518130,8.09647,1.976509,false,2.4e-05,0.000653
2,1.0,10,DENSE_DELETE,0.2,false,false,true,true,1,1,4,0.053711,0.003171,0.001034,1.051838,0.000336,0.073121,0.042421,0.7562398910522461,,2122441,518130,8.09647,1.976509,false,2.4e-05,0.000632
1,1.0,10,DENSE_DELETE,0.3,false,false,true,true,1,1,4,0.054052,0.003167,0.001067,1.059266,0.000332,0.073677,0.04306,0.7456889152526855,,2122441,518130,8.09647,1.976509,false,2.5e-05,0.000625
2,1.0,10,DENSE_DELETE,0.3,false,false,true,true,1,1,4,0.053881,0.003146,0.001046,1.050864,0.000341,0.07337,0.043026,0.7460370063781738,,2122441,518130,8.09647,1.976509,false,2.5e-05,0.00062
1,1.0,10,DENSE_DELETE,0.4,false,false,true,true,1,1,4,0.053901,0.003164,0.001073,1.053334,0.000361,0.073726,0.04282,0.745941162109375,,2122441,518130,8.09647,1.976509,false,2.4e-05,0.00066
2,1.0,10,DENSE_DELETE,0.4,false,false,true,true,1,1,4,0.054458,0.003149,0.001083,1.07149,0.000379,0.07401,0.043068,0.7430050373077393,,2122441,518130,8.09647,1.976509,false,2.5e-05,0.000619
1,1.0,10,DENSE_DELETE,0.5,false,false,true,true,1,1,4,0.054936,0.003159,0.001083,1.055481,0.000407,0.07409,0.043106,0.7495384216308594,,2122441,518130,8.09647,1.976509,false,2.6e-05,0.000676
2,1.0,10,DENSE_DELETE,0.5,false,false,true,true,1,1,4,0.053907,0.003186,0.001041,1.055259,0.000409,0.073582,0.042691,0.7514519691467285,,2122441,518130,8.09647,1.976509,false,2.4e-05,0.000635
1,1.0,12,DENSE_DELETE,0.001,false,false,true,true,1,1,4,0.004822,0.000941,0.000734,1.062456,9.4e-05,0.01143,0.013641,0.26457738876342773,,2478737,153051,9.455631,0.583843,false,2.1e-05,5.3e-05
2,1.0,12,DENSE_DELETE,0.001,false,false,true,true,1,1,4,0.004614,0.000969,0.000694,1.061811,9.2e-05,0.011413,0.013617,0.2599170207977295,,2478737,153051,9.455631,0.583843,false,2e-05,6.5e-05
1,1.0,12,DENSE_DELETE,0.002,false,false,true,true,1,1,4,0.004805,0.000947,0.000697,1.062724,8.4e-05,0.011446,0.01382,0.2597074508666992,,2478737,153051,9.455631,0.583843,false,1.9e-05,5.1e-05
2,1.0,12,DENSE_DELETE,0.002,false,false,true,true,1,1,4,0.004648,0.000949,0.000696,1.06176,8.5e-05,0.011415,0.013673,0.2595674991607666,,2478737,153051,9.455631,0.583843,false,2.1e-05,5.1e-05
1,1.0,12,DENSE_DELETE,0.005,false,false,true,true,1,1,4,0.004704,0.000953,0.00069,1.063532,8.3e-05,0.01155,0.01381,0.2592885494232178,,2478737,153051,9.455631,0.583843,false,1.9e-05,5.2e-05
2,1.0,12,DENSE_DELETE,0.005,false,false,true,true,1,1,4,0.004777,0.000973,0.000688,1.060442,9.4e-05,0.011408,0.013629,0.25878167152404785,,2478737,153051,9.455631,0.583843,false,2e-05,5.2e-05
1,1.0,12,DENSE_DELETE,0.01,false,false,true,true,1,1,4,0.004769,0.000942,0.000703,1.058412,8.3e-05,0.011391,0.013785,0.2665066719055176,,2478737,153051,9.455631,0.583843,false,2.1e-05,5.5e-05
2,1.0,12,DENSE_DELETE,0.01,false,false,true,true,1,1,4,0.004887,0.000933,0.00071,1.05694,0.000101,0.011482,0.013844,0.26088404655456543,,2478737,153051,9.455631,0.583843,false,2.1e-05,5.2e-05
1,1.0,12,DENSE_DELETE,0.02,false,false,true,true,1,1,4,0.004466,0.000952,0.000733,1.066714,8.9e-05,0.011461,0.013684,0.2605459690093994,,2478737,153051,9.455631,0.583843,false,1.9e-05,5.4e-05
2,1.0,12,DENSE_DELETE,0.02,false,false,true,true,1,1,4,0.004745,0.00099,0.000756,1.067208,8.5e-05,0.011451,0.013786,0.2580447196960449,,2478737,153051,9.455631,0.583843,false,2e-05,5.3e-05
1,1.0,12,DENSE_DELETE,0.05,false,false,true,true,1,1,4,0.00486,0.000941,0.000688,1.05867,8.4e-05,0.01143,0.013554,0.26032376289367676,,2478737,153051,9.455631,0.583843,false,2.1e-05,7.7e-05
2,1.0,12,DENSE_DELETE,0.05,false,false,true,true,1,1,4,0.004737,0.000944,0.000769,1.066131,8.5e-05,0.011522,0.013731,0.2599163055419922,,2478737,153051,9.455631,0.583843,false,2e-05,5.4e-05
1,1.0,12,DENSE_DELETE,0.1,false,false,true,true,1,1,4,0.004822,0.000941,0.000698,1.055819,8.4e-05,0.011474,0.013702,0.2595672607421875,,2478737,153051,9.455631,0.583843,false,2e-05,5.6e-05
2,1.0,12,DENSE_DELETE,0.1,false,false,true,true,1,1,4,0.004865,0.000943,0.000683,1.061275,8.4e-05,0.011383,0.013603,0.2583310604095459,,2478737,153051,9.455631,0.583843,false,1.9e-05,5.1e-05
1,1.0,12,DENSE_DELETE,0.2,false,false,true,true,1,1,4,0.00469,0.000935,0.000697,1.056913,9.6e-05,0.011343,0.013618,0.2586336135864258,,2478737,153051,9.455631,0.583843,false,1.9e-05,5.2e-05
2,1.0,12,DENSE_DELETE,0.2,false,false,true,true,1,1,4,0.004889,0.00095,0.000699,1.056672,8.2e-05,0.011422,0.013739,0.25963401794433594,,2478737,153051,9.455631,0.583843,false,2e-05,5.2e-05
1,1.0,12,DENSE_DELETE,0.3,false,false,true,true,1,1,4,0.004744,0.00094,0.00068,1.063992,8.9e-05,0.011463,0.013693,0.25987982749938965,,2478737,153051,9.455631,0.583843,false,2.7e-05,5.2e-05
2,1.0,12,DENSE_DELETE,0.3,false,false,true,true,1,1,4,0.004725,0.000928,0.000707,1.057078,9.9e-05,0.011395,0.013703,0.25986146926879883,,2478737,153051,9.455631,0.583843,false,2.1e-05,5.4e-05
1,1.0,12,DENSE_DELETE,0.4,false,false,true,true,1,1,4,0.004641,0.00097,0.000696,1.0577,8.6e-05,0.011374,0.013718,0.2595086097717285,,2478737,153051,9.455631,0.583843,false,2e-05,5.2e-05
2,1.0,12,DENSE_DELETE,0.4,false,false,true,true,1,1,4,0.004803,0.000959,0.000711,1.063453,8.4e-05,0.011411,0.01362,0.2591102123260498,,2478737,153051,9.455631,0.583843,false,2e-05,5.2e-05
1,1.0,12,DENSE_DELETE,0.5,false,false,true,true,1,1,4,0.004914,0.000932,0.000701,1.057081,9.8e-05,0.011504,0.013648,0.25937938690185547,,2478737,153051,9.455631,0.583843,false,2e-05,5.4e-05
2,1.0,12,DENSE_DELETE,0.5,false,false,true,true,1,1,4,0.004728,0.00095,0.000709,1.063422,0.000129,0.011403,0.013661,0.26040005683898926,,2478737,153051,9.455631,0.583843,false,2.1e-05,5.3e-05
1,1.0,1,DENSE_DELETE,0.001,false,false,true,false,1,1,4,0.117707,0.094412,0.021239,1.077494,0.033949,0.0,0.042922,1.5881834030151367,,11833182,11833182,45.140007,45.140007,false,5.7e-05,0.300866
2,1.0,1,DENSE_DELETE,0.001,false,false,true,false,1,1,4,0.117909,0.094074,0.021323,1.073304,0.034281,0.0,0.043095,1.5912222862243652,,11833182,11833182,45.140007,45.140007,false,5.5e-05,0.302088
1,1.0,1,DENSE_DELETE,0.002,false,false,true,false,1,1,4,0.118731,0.094387,0.02129,1.0718,0.033933,0.0,0.043349,1.5924389362335205,,11833182,11833182,45.140007,45.140007,false,5.4e-05,0.302173
2,1.0,1,DENSE_DELETE,0.002,false,false,true,false,1,1,4,0.117623,0.094405,0.021273,1.070786,0.034037,0.0,0.042767,1.5947751998901367,,11833182,11833182,45.140007,45.140007,false,5.9e-05,0.30478
1,1.0,1,DENSE_DELETE,0.005,false,false,true,false,1,1,4,0.118444,0.094294,0.021263,1.068086,0.034393,0.0,0.043354,1.5841529369354248,,11833182,11833182,45.140007,45.140007,false,5.2e-05,0.301933
2,1.0,1,DENSE_DELETE,0.005,false,false,true,false,1,1,4,0.118157,0.113582,0.021413,1.067169,0.034118,0.0,0.042633,1.5976085662841797,,11833182,11833182,45.140007,45.140007,false,5.2e-05,0.303941
1,1.0,1,DENSE_DELETE,0.01,false,false,true,false,1,1,4,0.118417,0.094569,0.021225,1.070848,0.034676,0.0,0.042868,1.593271017074585,,11833182,11833182,45.140007,45.140007,false,5e-05,0.303623
2,1.0,1,DENSE_DELETE,0.01,false,false,true,false,1,1,4,0.118179,0.094301,0.021275,1.068965,0.034665,0.0,0.042752,1.5933611392974854,,11833182,11833182,45.140007,45.140007,false,5.9e-05,0.302433
1,1.0,1,DENSE_DELETE,0.02,false,false,true,false,1,1,4,0.11876,0.094287,0.021216,1.070824,0.035171,0.0,0.043429,1.5918643474578857,,11833182,11833182,45.140007,45.140007,false,5.3e-05,0.302847
2,1.0,1,DENSE_DELETE,0.02,false,false,true,false,1,1,4,0.117946,0.094318,0.021298,1.073124,0.035162,0.0,0.043131,1.5863020420074463,,11833182,11833182,45.140007,45.140007,false,5.1e-05,0.301243
1,1.0,1,DENSE_DELETE,0.05,false,false,true,false,1,1,4,0.118006,0.094201,0.02132,1.067638,0.037254,0.0,0.043129,1.5815870761871338,,11833182,11833182,45.140007,45.140007,false,5e-05,0.302561
2,1.0,1,DENSE_DELETE,0.05,false,false,true,false,1,1,4,0.117654,0.094373,0.021295,1.151498,0.0371,0.0,0.042823,1.5817289352416992,,11833182,11833182,45.140007,45.140007,false,5.3e-05,0.302792
1,1.0,1,DENSE_DELETE,0.1,false,false,true,false,1,1,4,0.118865,0.094349,0.021323,1.073915,0.040841,0.0,0.042733,1.590975046157837,,11833182,11833182,45.140007,45.140007,false,6.6e-05,0.301944
2,1.0,1,DENSE_DELETE,0.1,false,false,true,false,1,1,4,0.117615,0.094189,0.021576,1.071924,0.040947,0.0,0.042914,1.5847041606903076,,11833182,11833182,45.140007,45.140007,false,5.4e-05,0.303025
1,1.0,1,DENSE_DELETE,0.2,false,false,true,false,1,1,4,0.118653,0.094677,0.021378,1.07521,0.049413,0.0,0.043674,1.5871832370758057,,11833182,11833182,45.140007,45.140007,false,5.1e-05,0.306271
2,1.0,1,DENSE_DELETE,0.2,false,false,true,false,1,1,4,0.118614,0.09449,0.021212,1.07386,0.048957,0.0,0.043285,1.589777946472168,,11833182,11833182,45.140007,45.140007,false,7.5e-05,0.304741
1,1.0,1,DENSE_DELETE,0.3,false,false,true,false,1,1,4,0.117476,0.118126,0.021218,1.069664,0.057597,0.0,0.042705,1.5821077823638916,,11833182,11833182,45.140007,45.140007,false,6.1e-05,0.303362
2,1.0,1,DENSE_DELETE,0.3,false,false,true,false,1,1,4,0.118276,0.09432,0.021414,1.084664,0.057886,0.0,0.042778,1.5802738666534424,,11833182,11833182,45.140007,45.140007,false,5.4e-05,0.300351
1,1.0,1,DENSE_DELETE,0.4,false,false,true,false,1,1,4,0.118135,0.094477,0.021246,1.06728,0.066077,0.0,0.043221,1.6015710830688477,,11833182,11833182,45.140007,45.140007,false,5.4e-05,0.301864
2,1.0,1,DENSE_DELETE,0.4,false,false,true,false,1,1,4,0.118566,0.094295,0.02125,1.069403,0.066166,0.0,0.043455,1.5882315635681152,,11833182,11833182,45.140007,45.140007,false,6.1e-05,0.3015
1,1.0,1,DENSE_DELETE,0.5,false,false,true,false,1,1,4,0.118037,0.094281,0.021234,1.066868,0.069961,0.0,0.043343,1.5940556526184082,,11833182,11833182,45.140007,45.140007,false,4.9e-05,0.30239
2,1.0,1,DENSE_DELETE,0.5,false,false,true,false,1,1,4,0.117971,0.094499,0.021383,1.073487,0.069983,0.0,0.04296,1.6123712062835693,,11833182,11833182,45.140007,45.140007,false,5.3e-05,0.304334
1,1.0,3,DENSE_DELETE,0.001,false,false,true,false,1,1,4,0.036263,0.122221,0.014605,1.065894,0.003944,0.0,0.02804,0.32983994483947754,,4237529,4237529,16.16489,16.16489,false,2.5e-05,0.000178
2,1.0,3,DENSE_DELETE,0.001,false,false,true,false,1,1,4,0.034794,0.117253,0.01451,1.065748,0.00441,0.0,0.027959,0.33187317848205566,,4237529,4237529,16.16489,16.16489,false,2.6e-05,0.000183
1,1.0,3,DENSE_DELETE,0.002,false,false,true,false,1,1,4,0.034685,0.117115,0.014512,1.070077,0.004344,0.0,0.027813,0.3283703327178955,,4237529,4237529,16.16489,16.16489,false,2.4e-05,0.000184
2,1.0,3,DENSE_DELETE,0.002,false,false,true,false,1,1,4,0.035223,0.117356,0.014461,1.063807,0.004304,0.0,0.028135,0.33007264137268066,,4237529,4237529,16.16489,16.16489,false,2.5e-05,0.000175
1,1.0,3,DENSE_DELETE,0.005,false,false,true,false,1,1,4,0.035477,0.117426,0.014535,1.144333,0.004637,0.0,0.02796,0.3266785144805908,,4237529,4237529,16.16489,16.16489,false,2.8e-05,0.00018
2,1.0,3,DENSE_DELETE,0.005,false,false,true,false,1,1,4,0.035121,0.118508,0.014556,1.065638,0.004352,0.0,0.027752,0.3287353515625,,4237529,4237529,16.16489,16.16489,false,2.5e-05,0.000184
1,1.0,3,DENSE_DELETE,0.01,false,false,true,false,1,1,4,0.035795,0.117391,0.014463,1.086326,0.004356,0.0,0.027761,0.32968974113464355,,4237529,4237529,16.16489,16.16489,false,2.5e-05,0.000179
2,1.0,3,DENSE_DELETE,0.01,false,false,true,false,1,1,4,0.03486,0.11731,0.014535,1.067604,0.004394,0.0,0.027919,0.32894229888916016,,4237529,4237529,16.16489,16.16489,false,2.6e-05,0.000182
1,1.0,3,DENSE_DELETE,0.02,false,false,true,false,1,1,4,0.033717,0.117551,0.014603,1.07007,0.004621,0.0,0.027699,0.3311138153076172,,4237529,4237529,16.16489,16.16489,false,2.6e-05,0.00018
2,1.0,3,DENSE_DELETE,0.02,false,false,true,false,1,1,4,0.035814,0.117501,0.014477,1.073674,0.004374,0.0,0.027814,0.32692599296569824,,4237529,4237529,16.16489,16.16489,false,2.5e-05,0.00017
1,1.0,3,DENSE_DELETE,0.05,false,false,true,false,1,1,4,0.035977,0.117303,0.014519,1.115733,0.004339,0.0,0.027875,0.3311612606048584,,4237529,4237529,16.16489,16.16489,false,2.6e-05,0.000184
2,1.0,3,DENSE_DELETE,0.05,false,false,true,false,1,1,4,0.033633,0.117312,0.014501,1.064507,0.00441,0.0,0.027571,0.3462843894958496,,4237529,4237529,16.16489,16.16489,false,2.5e-05,0.000176
1,1.0,3,DENSE_DELETE,0.1,false,false,true,false,1,1,4,0.034177,0.117025,0.014533,1.059152,0.004642,0.0,0.027759,0.3300466537475586,,4237529,4237529,16.16489,16.16489,false,2.6e-05,0.00018
2,1.0,3,DENSE_DELETE,0.1,false,false,true,false,1,1,4,0.034964,0.117253,0.014471,1.068553,0.004345,0.0,0.027548,0.3319559097290039,,4237529,4237529,16.16489,16.16489,false,2.7e-05,0.000181
1,1.0,3,DENSE_DELETE,0.2,false,false,true,false,1,1,4,0.034977,0.116956,0.014562,1.06179,0.004122,0.0,0.028034,0.3262467384338379,,4237529,4237529,16.16489,16.16489,false,2.6e-05,0.000182
2,1.0,3,DENSE_DELETE,0.2,false,false,true,false,1,1,4,0.035075,0.117219,0.01449,1.065507,0.004356,0.0,0.027692,0.32833385467529297,,4237529,4237529,16.16489,16.16489,false,2.6e-05,0.000185
1,1.0,3,DENSE_DELETE,0.3,false,false,true,false,1,1,4,0.034913,0.12214,0.014522,1.063811,0.004383,0.0,0.027726,0.32880425453186035,,4237529,4237529,16.16489,16.16489,false,2.5e-05,0.000171
2,1.0,3,DENSE_DELETE,0.3,false,false,true,false,1,1,4,0.034879,0.117338,0.014502,1.061637,0.004327,0.0,0.027712,0.32768774032592773,,4237529,4237529,16.16489,16.16489,false,2.6e-05,0.000211
1,1.0,3,DENSE_DELETE,0.4,false,false,true,false,1,1,4,0.03485,0.117248,0.014479,1.068122,0.004383,0.0,0.027606,0.3310568332672119,,4237529,4237529,16.16489,16.16489,false,2.4e-05,0.000191
2,1.0,3,DENSE_DELETE,0.4,false,false,true,false,1,1,4,0.034812,0.117337,0.014648,1.073542,0.004366,0.0,0.027931,0.3288130760192871,,4237529,4237529,16.16489,16.16489,false,2.6e-05,0.000189
1,1.0,3,DENSE_DELETE,0.5,false,false,true,false,1,1,4,0.03391,0.117108,0.014487,1.064886,0.004399,0.0,0.027893,0.32738375663757324,,4237529,4237529,16.16489,16.16489,false,2.4e-05,0.000186
2,1.0,3,DENSE_DELETE,0.5,false,false,true,false,1,1,4,0.035519,0.117031,0.014444,1.069776,0.004382,0.0,0.02739,0.3295156955718994,,4237529,4237529,16.16489,16.16489,false,2.4e-05,0.000169
1,1.0,5,DENSE_DELETE,0.001,false,false,true,false,1,1,4,0.020177,0.119033,0.022714,1.083806,0.007003,0.0,0.032332,0.3707268238067627,,6693785,6693785,25.534763,25.534763,false,3e-05,4.8e-05
2,1.0,5,DENSE_DELETE,0.001,false,false,true,false,1,1,4,0.020154,0.11914,0.022586,1.084164,0.007012,0.0,0.032542,0.3707916736602783,,6693785,6693785,25.534763,25.534763,false,3.3e-05,5.1e-05
1,1.0,5,DENSE_DELETE,0.002,false,false,true,false,1,1,4,0.019822,0.118718,0.022564,1.084231,0.006794,0.0,0.032621,0.37336277961730957,,6693785,6693785,25.534763,25.534763,false,3.1e-05,5.7e-05
2,1.0,5,DENSE_DELETE,0.002,false,false,true,false,1,1,4,0.019696,0.118851,0.02261,1.080349,0.006811,0.0,0.032475,0.368929386138916,,6693785,6693785,25.534763,25.534763,false,4e-05,4.7e-05
1,1.0,5,DENSE_DELETE,0.005,false,false,true,false,1,1,4,0.019776,0.118757,0.022668,1.083469,0.006803,0.0,0.032492,0.37236976623535156,,6693785,6693785,25.534763,25.534763,false,3e-05,4.8e-05
2,1.0,5,DENSE_DELETE,0.005,false,false,true,false,1,1,4,0.021036,0.119251,0.022638,1.083414,0.007017,0.0,0.032766,0.3708977699279785,,6693785,6693785,25.534763,25.534763,false,4.3e-05,4.8e-05
1,1.0,5,DENSE_DELETE,0.01,false,false,true,false,1,1,4,0.020186,0.118731,0.022678,1.097317,0.006739,0.0,0.032459,0.3668346405029297,,6693785,6693785,25.534763,25.534763,false,3.2e-05,4.8e-05
2,1.0,5,DENSE_DELETE,0.01,false,false,true,false,1,1,4,0.020571,0.119023,0.022709,1.08987,0.006799,0.0,0.032692,0.3680846691131592,,6693785,6693785,25.534763,25.534763,false,3.2e-05,4.8e-05
1,1.0,5,DENSE_DELETE,0.02,false,false,true,false,1,1,4,0.020148,0.118974,0.022756,1.091148,0.006876,0.0,0.032848,0.385028600692749,,6693785,6693785,25.534763,25.534763,false,3.3e-05,4.7e-05
2,1.0,5,DENSE_DELETE,0.02,false,false,true,false,1,1,4,0.020102,0.118819,0.022768,1.083803,0.006733,0.0,0.032403,0.371936559677124,,6693785,6693785,25.534763,25.534763,false,3.3e-05,5.2e-05
1,1.0,5,DENSE_DELETE,0.05,false,false,true,false,1,1,4,0.019548,0.118713,0.022545,1.08181,0.00681,0.0,0.032204,0.37047290802001953,,6693785,6693785,25.534763,25.534763,false,3e-05,5.2e-05
2,1.0,5,DENSE_DELETE,0.05,false,false,true,false,1,1,4,0.019945,0.118906,0.022686,1.08633,0.00693,0.0,0.032582,0.36979198455810547,,6693785,6693785,25.534763,25.534763,false,3.2e-05,4.7e-05
1,1.0,5,DENSE_DELETE,0.1,false,false,true,false,1,1,4,0.019631,0.118726,0.022676,1.079584,0.006732,0.0,0.032551,0.3691833019256592,,6693785,6693785,25.534763,25.534763,false,3.1e-05,4.7e-05
2,1.0,5,DENSE_DELETE,0.1,false,false,true,false,1,1,4,0.019958,0.118677,0.02265,1.104322,0.006699,0.0,0.032475,0.37016987800598145,,6693785,6693785,25.534763,25.534763,false,3.1e-05,4.9e-05
1,1.0,5,DENSE_DELETE,0.2,false,false,true,false,1,1,4,0.020035,0.118955,0.022657,1.089322,0.006779,0.0,0.032528,0.36949944496154785,,6693785,6693785,25.534763,25.534763,false,3.2e-05,4.7e-05
2,1.0,5,DENSE_DELETE,0.2,false,false,true,false,1,1,4,0.020066,0.119174,0.022682,1.149605,0.00677,0.0,0.032593,0.368943452835083,,6693785,6693785,25.534763,25.534763,false,3.1e-05,4.8e-05
1,1.0,5,DENSE_DELETE,0.3,false,false,true,false,1,1,4,0.019923,0.118753,0.022622,1.087423,0.006712,0.0,0.032193,0.3704249858856201,,6693785,6693785,25.534763,25.534763,false,3.4e-05,5.1e-05
2,1.0,5,DENSE_DELETE,0.3,false,false,true,false,1,1,4,0.019737,0.119154,0.022593,1.091217,0.007086,0.0,0.032315,0.37053680419921875,,6693785,6693785,25.534763,25.534763,false,3.3e-05,7.2e-05
1,1.0,5,DENSE_DELETE,0.4,false,false,true,false,1,1,4,0.020276,0.119241,0.022788,1.080147,0.006897,0.0,0.03286,0.3689730167388916,,6693785,6693785,25.534763,25.534763,false,3.3e-05,5.1e-05
2,1.0,5,DENSE_DELETE,0.4,false,false,true,false,1,1,4,0.020173,0.118859,0.022571,1.084677,0.006803,0.0,0.032563,0.3677408695220947,,6693785,6693785,25.534763,25.534763,false,3.1e-05,4.7e-05
1,1.0,5,DENSE_DELETE,0.5,false,false,true,false,1,1,4,0.020174,0.118771,0.022691,1.076522,0.006788,0.0,0.032354,0.3660392761230469,,6693785,6693785,25.534763,25.534763,false,3.2e-05,4.8e-05
2,1.0,5,DENSE_DELETE,0.5,false,false,true,false,1,1,4,0.019816,0.118929,0.022579,1.094604,0.00683,0.0,0.032372,0.3670642375946045,,6693785,6693785,25.534763,25.534763,false,3.1e-05,4.6e-05
1,1.0,7,DENSE_DELETE,0.001,false,false,true,false,1,1,4,0.518501,0.116933,0.013864,1.082679,0.010886,0.0,0.064102,0.9879779815673828,,8817246,8817246,33.635124,33.635124,false,3.8e-05,6.3e-05
2,1.0,7,DENSE_DELETE,0.001,false,false,true,false,1,1,4,0.499882,0.116918,0.013789,1.091457,0.010777,0.0,0.063557,1.0068445205688477,,8817246,8817246,33.635124,33.635124,false,3.7e-05,4.6e-05
1,1.0,7,DENSE_DELETE,0.002,false,false,true,false,1,1,4,0.486803,0.116729,0.013771,1.092468,0.010824,0.0,0.063861,0.9809896945953369,,8817246,8817246,33.635124,33.635124,false,3.8e-05,6.6e-05
2,1.0,7,DENSE_DELETE,0.002,false,false,true,false,1,1,4,0.494097,0.117241,0.013881,1.081325,0.010828,0.0,0.064157,0.9876987934112549,,8817246,8817246,33.635124,33.635124,false,3.6e-05,4.7e-05
1,1.0,7,DENSE_DELETE,0.005,false,false,true,false,1,1,4,0.496345,0.117003,0.013834,1.082717,0.010776,0.0,0.064102,0.989006519317627,,8817246,8817246,33.635124,33.635124,false,3.6e-05,4.5e-05
2,1.0,7,DENSE_DELETE,0.005,false,false,true,false,1,1,4,0.509661,0.116917,0.013811,1.088984,0.010891,0.0,0.06412,0.97939133644104,,8817246,8817246,33.635124,33.635124,false,3.7e-05,4.6e-05
1,1.0,7,DENSE_DELETE,0.01,false,false,true,false,1,1,4,0.504518,0.117155,0.013794,1.081154,0.010874,0.0,0.064924,0.9835522174835205,,8817246,8817246,33.635124,33.635124,false,3.8e-05,5.2e-05
2,1.0,7,DENSE_DELETE,0.01,false,false,true,false,1,1,4,0.49062,0.116991,0.013891,1.08183,0.01074,0.0,0.06409,0.9780383110046387,,8817246,8817246,33.635124,33.635124,false,4.2e-05,5.7e-05
1,1.0,7,DENSE_DELETE,0.02,false,false,true,false,1,1,4,0.502697,0.116939,0.013819,1.135138,0.010724,0.0,0.064395,0.9935894012451172,,8817246,8817246,33.635124,33.635124,false,4.5e-05,4.6e-05
2,1.0,7,DENSE_DELETE,0.02,false,false,true,false,1,1,4,0.505439,0.117112,0.013765,1.171018,0.01088,0.0,0.064081,0.9825124740600586,,8817246,8817246,33.635124,33.635124,false,4.6e-05,4.5e-05
1,1.0,7,DENSE_DELETE,0.05,false,false,true,false,1,1,4,0.507888,0.116946,0.013762,1.079468,0.010825,0.0,0.063937,0.9886691570281982,,8817246,8817246,33.635124,33.635124,false,3.8e-05,4.9e-05
2,1.0,7,DENSE_DELETE,0.05,false,false,true,false,1,1,4,0.508713,0.117011,0.013773,1.081006,0.010904,0.0,0.064505,0.9833042621612549,,8817246,8817246,33.635124,33.635124,false,3.7e-05,4.7e-05
1,1.0,7,DENSE_DELETE,0.1,false,false,true,false,1,1,4,0.489152,0.116933,0.013808,1.08109,0.010769,0.0,0.063723,0.9762427806854248,,8817246,8817246,33.635124,33.635124,false,3.7e-05,4.5e-05
2,1.0,7,DENSE_DELETE,0.1,false,false,true,false,1,1,4,0.499307,0.117077,0.013872,1.086139,0.010945,0.0,0.064519,0.986361026763916,,8817246,8817246,33.635124,33.635124,false,3.7e-05,4.5e-05
1,1.0,7,DENSE_DELETE,0.2,false,false,true,false,1,1,4,0.483837,0.117175,0.013864,1.0875,0.010755,0.0,0.064397,0.9829628467559814,,8817246,8817246,33.635124,33.635124,false,3.6e-05,4.6e-05
2,1.0,7,DENSE_DELETE,0.2,false,false,true,false,1,1,4,0.49704,0.116593,0.013818,1.08293,0.010821,0.0,0.063954,0.9809017181396484,,8817246,8817246,33.635124,33.635124,false,3.6e-05,4.7e-05
1,1.0,7,DENSE_DELETE,0.3,false,false,true,false,1,1,4,0.504337,0.117187,0.013797,1.090693,0.010925,0.0,0.064391,0.9850120544433594,,8817246,8817246,33.635124,33.635124,false,3.8e-05,4.4e-05
2,1.0,7,DENSE_DELETE,0.3,false,false,true,false,1,1,4,0.49207,0.116911,0.013858,1.081747,0.010816,0.0,0.064353,0.9938912391662598,,8817246,8817246,33.635124,33.635124,false,3.8e-05,4.6e-05
1,1.0,7,DENSE_DELETE,0.4,false,false,true,false,1,1,4,0.505088,0.11696,0.013772,1.076305,0.010794,0.0,0.063744,0.980128288269043,,8817246,8817246,33.635124,33.635124,false,3.6e-05,4.4e-05
2,1.0,7,DENSE_DELETE,0.4,false,false,true,false,1,1,4,0.499645,0.11684,0.013872,1.081931,0.010722,0.0,0.063927,0.9789764881134033,,8817246,8817246,33.635124,33.635124,false,3.6e-05,4.5e-05
1,1.0,7,DENSE_DELETE,0.5,false,false,true,false,1,1,4,0.501774,0.116997,0.01377,1.085981,0.010963,0.0,0.064356,0.9925415515899658,,8817246,8817246,33.635124,33.635124,false,3.7e-05,4.7e-05
2,1.0,7,DENSE_DELETE,0.5,false,false,true,false,1,1,4,0.507068,0.11873,0.013819,1.07857,0.010879,0.0,0.06341,0.985069751739502,,8817246,8817246,33.635124,33.635124,false,3.8e-05,4.5e-05
1,1.0,9,DENSE_DELETE,0.001,false,false,true,false,1,1,4,0.078174,0.133957,0.030617,1.087006,0.010159,0.0,0.06134,0.9547600746154785,,9575428,9575428,36.527359,36.527359,false,4.1e-05,0.002391
2,1.0,9,DENSE_DELETE,0.001,false,false,true,false,1,1,4,0.072062,0.133626,0.030672,1.100549,0.01016,0.0,0.061401,0.9634339809417725,,9575428,9575428,36.527359,36.527359,false,3.9e-05,0.002351
1,1.0,9,DENSE_DELETE,0.002,false,false,true,false,1,1,4,0.073194,0.134036,0.030469,1.081636,0.010198,0.0,0.061252,0.9618630409240723,,9575428,9575428,36.527359,36.527359,false,4e-05,0.002329
2,1.0,9,DENSE_DELETE,0.002,false,false,true,false,1,1,4,0.07381,0.1334,0.030445,1.087745,0.010099,0.0,0.061261,0.9692323207855225,,9575428,9575428,36.527359,36.527359,false,3.8e-05,0.002347
1,1.0,9,DENSE_DELETE,0.005,false,false,true,false,1,1,4,0.073309,0.136398,0.03068,1.085162,0.01025,0.0,0.061339,0.9633383750915527,,9575428,9575428,36.527359,36.527359,false,4.1e-05,0.002334
2,1.0,9,DENSE_DELETE,0.005,false,false,true,false,1,1,4,0.072659,0.134072,0.030562,1.086699,0.010106,0.0,0.061528,0.9632217884063721,,9575428,9575428,36.527359,36.527359,false,3.8e-05,0.002348
1,1.0,9,DENSE_DELETE,0.01,false,false,true,false,1,1,4,0.074029,0.134055,0.030618,1.087896,0.010153,0.0,0.062036,0.968299388885498,,9575428,9575428,36.527359,36.527359,false,5.6e-05,0.002603
2,1.0,9,DENSE_DELETE,0.01,false,false,true,false,1,1,4,0.075471,0.133657,0.030597,1.0935,0.010192,0.0,0.06123,0.9782021045684814,,9575428,9575428,36.527359,36.527359,false,3.7e-05,0.002388
1,1.0,9,DENSE_DELETE,0.02,false,false,true,false,1,1,4,0.073316,0.14027,0.030564,1.086516,0.010196,0.0,0.061576,0.9621832370758057,,9575428,9575428,36.527359,36.527359,false,4.1e-05,0.002381
2,1.0,9,DENSE_DELETE,0.02,false,false,true,false,1,1,4,0.075345,0.133894,0.030577,1.085127,0.01022,0.0,0.061878,0.9916183948516846,,9575428,9575428,36.527359,36.527359,false,4.2e-05,0.00234
1,1.0,9,DENSE_DELETE,0.05,false,false,true,false,1,1,4,0.07279,0.133789,0.030659,1.085283,0.010309,0.0,0.061111,0.9535655975341797,,9575428,9575428,36.527359,36.527359,false,4e-05,0.002345
2,1.0,9,DENSE_DELETE,0.05,false,false,true,false,1,1,4,0.074344,0.133745,0.030533,1.080221,0.010274,0.0,0.061409,0.9644296169281006,,9575428,9575428,36.527359,36.527359,false,4.1e-05,0.002364
1,1.0,9,DENSE_DELETE,0.1,false,false,true,false,1,1,4,0.075057,0.133808,0.030552,1.082388,0.010301,0.0,0.061554,0.9569175243377686,,9575428,9575428,36.527359,36.527359,false,3.9e-05,0.002315
2,1.0,9,DENSE_DELETE,0.1,false,false,true,false,1,1,4,0.071117,0.133803,0.030589,1.081184,0.010177,0.0,0.061714,0.9614934921264648,,9575428,9575428,36.527359,36.527359,false,3.9e-05,0.002334
1,1.0,9,DENSE_DELETE,0.2,false,false,true,false,1,1,4,0.073673,0.133964,0.030551,1.081219,0.010156,0.0,0.061359,0.9835629463195801,,9575428,9575428,36.527359,36.527359,false,4e-05,0.00234
2,1.0,9,DENSE_DELETE,0.2,false,false,true,false,1,1,4,0.072687,0.133951,0.030452,1.085516,0.010209,0.0,0.061728,0.9951000213623047,,9575428,9575428,36.527359,36.527359,false,3.9e-05,0.002339
1,1.0,9,DENSE_DELETE,0.3,false,false,true,false,1,1,4,0.074235,0.133655,0.030572,1.086137,0.010128,0.0,0.061521,0.9670426845550537,,9575428,9575428,36.527359,36.527359,false,4e-05,0.00235
2,1.0,9,DENSE_DELETE,0.3,false,false,true,false,1,1,4,0.074629,0.133924,0.030639,1.082142,0.010186,0.0,0.061391,0.9583456516265869,,9575428,9575428,36.527359,36.527359,false,4e-05,0.002395
1,1.0,9,DENSE_DELETE,0.4,false,false,true,false,1,1,4,0.072564,0.133908,0.030613,1.084454,0.010312,0.0,0.061889,0.9773025512695312,,9575428,9575428,36.527359,36.527359,false,4.5e-05,0.002348
2,1.0,9,DENSE_DELETE,0.4,false,false,true,false,1,1,4,0.072167,0.134259,0.03051,1.095503,0.010282,0.0,0.061177,0.9692049026489258,,9575428,9575428,36.527359,36.527359,false,4e-05,0.002327
1,1.0,9,DENSE_DELETE,0.5,false,false,true,false,1,1,4,0.073985,0.133983,0.030582,1.14035,0.010197,0.0,0.06193,0.9912409782409668,,9575428,9575428,36.527359,36.527359,false,3.9e-05,0.002327
2,1.0,9,DENSE_DELETE,0.5,false,false,true,false,1,1,4,0.072805,0.134112,0.030529,1.086583,0.01033,0.0,0.061598,0.9556369781494141,,9575428,9575428,36.527359,36.527359,false,3.9e-05,0.002339
1,1.0,10,DENSE_DELETE,0.001,false,false,true,false,1,1,4,0.053778,0.115203,0.006329,1.067575,0.002437,0.0,0.042944,0.7487828731536865,,2122441,2122441,8.09647,8.09647,false,2.9e-05,0.000883
2,1.0,10,DENSE_DELETE,0.001,false,false,true,false,1,1,4,0.054256,0.115161,0.006285,1.066684,0.002372,0.0,0.042429,0.7774221897125244,,2122441,2122441,8.09647,8.09647,false,3e-05,0.000834
1,1.0,10,DENSE_DELETE,0.002,false,false,true,false,1,1,4,0.055332,0.114995,0.006307,1.066371,0.002372,0.0,0.042727,0.7518587112426758,,2122441,2122441,8.09647,8.09647,false,3.2e-05,0.00086
2,1.0,10,DENSE_DELETE,0.002,false,false,true,false,1,1,4,0.052906,0.115354,0.006271,1.067778,0.002425,0.0,0.042562,0.7490999698638916,,2122441,2122441,8.09647,8.09647,false,2.9e-05,0.000863
1,1.0,10,DENSE_DELETE,0.005,false,false,true,false,1,1,4,0.053884,0.115531,0.006294,1.073315,0.002476,0.0,0.042864,0.7454664707183838,,2122441,2122441,8.09647,8.09647,false,2.9e-05,0.000843
2,1.0,10,DENSE_DELETE,0.005,false,false,true,false,1,1,4,0.055298,0.114944,0.006313,1.063451,0.00228,0.0,0.043447,0.755162239074707,,2122441,2122441,8.09647,8.09647,false,5.2e-05,0.000848
1,1.0,10,DENSE_DELETE,0.01,false,false,true,false,1,1,4,0.05307,0.115197,0.006332,1.136317,0.002413,0.0,0.042519,0.7487001419067383,,2122441,2122441,8.09647,8.09647,false,2.8e-05,0.00084
2,1.0,10,DENSE_DELETE,0.01,false,false,true,false,1,1,4,0.054041,0.115003,0.006282,1.071241,0.002418,0.0,0.042709,0.7559225559234619,,2122441,2122441,8.09647,8.09647,false,2.8e-05,0.000832
1,1.0,10,DENSE_DELETE,0.02,false,false,true,false,1,1,4,0.053423,0.115579,0.00635,1.069031,0.002436,0.0,0.043156,0.7529656887054443,,2122441,2122441,8.09647,8.09647,false,2.8e-05,0.000849
2,1.0,10,DENSE_DELETE,0.02,false,false,true,false,1,1,4,0.055149,0.115134,0.006328,1.067835,0.002413,0.0,0.042874,0.7505466938018799,,2122441,2122441,8.09647,8.09647,false,3e-05,0.000845
1,1.0,10,DENSE_DELETE,0.05,false,false,true,false,1,1,4,0.054134,0.115474,0.006313,1.06703,0.002438,0.0,0.04304,0.7458140850067139,,2122441,2122441,8.09647,8.09647,false,3e-05,0.000838
2,1.0,10,DENSE_DELETE,0.05,false,false,true,false,1,1,4,0.054877,0.11526,0.006317,1.072004,0.00238,0.0,0.042906,0.7519311904907227,,2122441,2122441,8.09647,8.09647,false,3.1e-05,0.000833
1,1.0,10,DENSE_DELETE,0.1,false,false,true,false,1,1,4,0.053619,0.115399,0.00629,1.0746,0.002368,0.0,0.042879,0.7440977096557617,,2122441,2122441,8.09647,8.09647,false,2.9e-05,0.000853
2,1.0,10,DENSE_DELETE,0.1,false,false,true,false,1,1,4,0.053921,0.115172,0.00633,1.066692,0.002388,0.0,0.043357,0.7495086193084717,,2122441,2122441,8.09647,8.09647,false,3e-05,0.000871
1,1.0,10,DENSE_DELETE,0.2,false,false,true,false,1,1,4,0.053755,0.115464,0.00628,1.06216,0.00241,0.0,0.043089,0.7511394023895264,,2122441,2122441,8.09647,8.09647,false,3.1e-05,0.000879
2,1.0,10,DENSE_DELETE,0.2,false,false,true,false,1,1,4,0.054635,0.115333,0.006331,1.069626,0.002417,0.0,0.043234,0.7493491172790527,,2122441,2122441,8.09647,8.09647,false,2.8e-05,0.000865
1,1.0,10,DENSE_DELETE,0.3,false,false,true,false,1,1,4,0.054791,0.11533,0.006323,1.068434,0.002353,0.0,0.043212,0.7522611618041992,,2122441,2122441,8.09647,8.09647,false,3.1e-05,0.000847
2,1.0,10,DENSE_DELETE,0.3,false,false,true,false,1,1,4,0.054169,0.11543,0.00635,1.064398,0.002453,0.0,0.042576,0.7485458850860596,,2122441,2122441,8.09647,8.09647,false,3e-05,0.000858
1,1.0,10,DENSE_DELETE,0.4,false,false,true,false,1,1,4,0.054523,0.114786,0.006341,1.065438,0.002461,0.0,0.04284,0.7531392574310303,,2122441,2122441,8.09647,8.09647,false,2.9e-05,0.000852
2,1.0,10,DENSE_DELETE,0.4,false,false,true,false,1,1,4,0.0545,0.115644,0.006305,1.067889,0.00244,0.0,0.04331,0.748157262802124,,2122441,2122441,8.09647,8.09647,false,2.9e-05,0.000843
1,1.0,10,DENSE_DELETE,0.5,false,false,true,false,1,1,4,0.054634,0.116534,0.006326,1.109384,0.002435,0.0,0.042763,0.7492949962615967,,2122441,2122441,8.09647,8.09647,false,2.9e-05,0.000843
2,1.0,10,DENSE_DELETE,0.5,false,false,true,false,1,1,4,0.054737,0.115381,0.006288,1.06672,0.002549,0.0,0.042758,0.7542240619659424,,2122441,2122441,8.09647,8.09647,false,2.9e-05,0.000842
1,1.0,12,DENSE_DELETE,0.001,false,false,true,false,1,1,4,0.00484,0.113107,0.008906,1.06817,0.002488,0.0,0.013636,0.2611696720123291,,2478737,2478737,9.455631,9.455631,false,2.6e-05,0.00016
2,1.0,12,DENSE_DELETE,0.001,false,false,true,false,1,1,4,0.004901,0.113162,0.008919,1.072259,0.002488,0.0,0.013858,0.2602531909942627,,2478737,2478737,9.455631,9.455631,false,2.6e-05,0.000163
1,1.0,12,DENSE_DELETE,0.002,false,false,true,false,1,1,4,0.004826,0.11307,0.008921,1.15072,0.002504,0.0,0.013809,0.25958871841430664,,2478737,2478737,9.455631,9.455631,false,2.5e-05,0.000154
2,1.0,12,DENSE_DELETE,0.002,false,false,true,false,1,1,4,0.004729,0.113109,0.008916,1.090388,0.0025,0.0,0.0137,0.2582569122314453,,2478737,2478737,9.455631,9.455631,false,2.7e-05,0.00016
1,1.0,12,DENSE_DELETE,0.005,false,false,true,false,1,1,4,0.004669,0.113318,0.008882,1.074528,0.00259,0.0,0.013789,0.2599673271179199,,2478737,2478737,9.455631,9.455631,false,2.4e-05,0.000152
2,1.0,12,DENSE_DELETE,0.005,false,false,true,false,1,1,4,0.004764,0.113013,0.008978,1.074027,0.002457,0.0,0.013645,0.26042652130126953,,2478737,2478737,9.455631,9.455631,false,2.5e-05,0.000148
1,1.0,12,DENSE_DELETE,0.01,false,false,true,false,1,1,4,0.004873,0.113143,0.008986,1.068002,0.002514,0.0,0.013699,0.2599189281463623,,2478737,2478737,9.455631,9.455631,false,2.5e-05,0.000148
2,1.0,12,DENSE_DELETE,0.01,false,false,true,false,1,1,4,0.004663,0.113213,0.008936,1.066873,0.002514,0.0,0.013746,0.25896453857421875,,2478737,2478737,9.455631,9.455631,false,2.5e-05,0.000157
1,1.0,12,DENSE_DELETE,0.02,false,false,true,false,1,1,4,0.004786,0.113189,0.008959,1.076636,0.002544,0.0,0.013673,0.25905418395996094,,2478737,2478737,9.455631,9.455631,false,2.6e-05,0.00016
2,1.0,12,DENSE_DELETE,0.02,false,false,true,false,1,1,4,0.004821,0.113027,0.008913,1.137402,0.002543,0.0,0.013914,0.2631058692932129,,2478737,2478737,9.455631,9.455631,false,2.7e-05,0.000161
1,1.0,12,DENSE_DELETE,0.05,false,false,true,false,1,1,4,0.005059,0.11324,0.008949,1.068891,0.002517,0.0,0.01374,0.25951385498046875,,2478737,2478737,9.455631,9.455631,false,2.6e-05,0.000167
2,1.0,12,DENSE_DELETE,0.05,false,false,true,false,1,1,4,0.004751,0.112915,0.008961,1.07069,0.002499,0.0,0.013747,0.2595088481903076,,2478737,2478737,9.455631,9.455631,false,2.6e-05,0.000193
1,1.0,12,DENSE_DELETE,0.1,false,false,true,false,1,1,4,0.004943,0.113037,0.008884,1.093433,0.002537,0.0,0.013514,0.2609095573425293,,2478737,2478737,9.455631,9.455631,false,2.6e-05,0.000164
2,1.0,12,DENSE_DELETE,0.1,false,false,true,false,1,1,4,0.004945,0.113032,0.008932,1.074757,0.002594,0.0,0.013581,0.25982141494750977,,2478737,2478737,9.455631,9.455631,false,2.5e-05,0.000151
1,1.0,12,DENSE_DELETE,0.2,false,false,true,false,1,1,4,0.004882,0.113129,0.00896,1.068311,0.002553,0.0,0.013724,0.25945568084716797,,2478737,2478737,9.455631,9.455631,false,2.6e-05,0.000155
2,1.0,12,DENSE_DELETE,0.2,false,false,true,false,1,1,4,0.004681,0.118744,0.008892,1.071031,0.002569,0.0,0.013616,0.25916337966918945,,2478737,2478737,9.455631,9.455631,false,2.6e-05,0.000154
1,1.0,12,DENSE_DELETE,0.3,false,false,true,false,1,1,4,0.00492,0.113149,0.008938,1.076327,0.002472,0.0,0.013721,0.2605595588684082,,2478737,2478737,9.455631,9.455631,false,2.8e-05,0.00016
2,1.0,12,DENSE_DELETE,0.3,false,false,true,false,1,1,4,0.004986,0.113266,0.008959,1.069652,0.002583,0.0,0.013733,0.26020240783691406,,2478737,2478737,9.455631,9.455631,false,2.9e-05,0.000155
1,1.0,12,DENSE_DELETE,0.4,false,false,true,false,1,1,4,0.004963,0.11395,0.008927,1.068285,0.002683,0.0,0.013919,0.2589104175567627,,2478737,2478737,9.455631,9.455631,false,2.7e-05,0.000154
2,1.0,12,DENSE_DELETE,0.4,false,false,true,false,1,1,4,0.004761,0.113386,0.008894,1.076169,0.002644,0.0,0.013687,0.259016752243042,,2478737,2478737,9.455631,9.455631,false,2.6e-05,0.000152
1,1.0,12,DENSE_DELETE,0.5,false,false,true,false,1,1,4,0.004858,0.113166,0.008977,1.076481,0.002562,0.0,0.013861,0.25964856147766113,,2478737,2478737,9.455631,9.455631,false,2.9e-05,0.000152
2,1.0,12,DENSE_DELETE,0.5,false,false,true,false,1,1,4,0.004872,0.113208,0.008954,1.06537,0.00252,0.0,0.013771,0.2593996524810791,,2478737,2478737,9.455631,9.455631,false,2.7e-05,0.000167
1,1.0,1,SCALE_RANDOM,0.1,false,false,true,true,1,1,4,0.117566,0.093271,0.021282,1.072014,0.025641,0.0,0.04337,1.605048656463623,,11833182,11833182,45.140007,45.140007,false,5.6e-05,0.303964
2,1.0,1,SCALE_RANDOM,0.1,false,false,true,true,1,1,4,0.118152,0.093486,0.021495,1.061898,0.025538,0.0,0.043074,1.6004788875579834,,11833182,11833182,45.140007,45.140007,false,5.1e-05,0.305246
1,1.0,3,SCALE_RANDOM,0.1,false,false,true,true,1,1,4,0.035405,0.000798,0.000602,1.061055,8.3e-05,0.013175,0.027821,0.3300971984863281,,4237529,132083,16.16489,0.503857,false,2e-05,0.00018
2,1.0,3,SCALE_RANDOM,0.1,false,false,true,true,1,1,4,0.03428,0.000816,0.000619,1.061117,9e-05,0.013028,0.027734,0.33153820037841797,,4237529,132083,16.16489,0.503857,false,1.9e-05,0.000174
1,1.0,5,SCALE_RANDOM,0.1,false,false,true,true,1,1,4,0.020792,0.000349,0.000319,1.061108,4.3e-05,0.010536,0.033133,0.37617039680480957,,6693785,60951,25.534763,0.23251,false,3.3e-05,4.5e-05
2,1.0,5,SCALE_RANDOM,0.1,false,false,true,true,1,1,4,0.020301,0.000349,0.00035,1.062205,4.2e-05,0.010578,0.033456,0.3706092834472656,,6693785,60951,25.534763,0.23251,false,2.2e-05,4.9e-05
1,1.0,7,SCALE_RANDOM,0.1,false,false,true,true,1,1,4,0.50024,0.000283,0.00141,1.060212,3.6e-05,0.009105,0.064295,0.9943292140960693,,8817246,50002,33.635124,0.190742,false,2.5e-05,0.00017
2,1.0,7,SCALE_RANDOM,0.1,false,false,true,true,1,1,4,0.512128,0.000288,0.000494,1.062284,3.8e-05,0.009179,0.064284,0.9864342212677002,,8817246,50002,33.635124,0.190742,false,2.7e-05,0.001118
1,1.0,9,SCALE_RANDOM,0.1,false,false,true,true,1,1,4,0.073374,0.010446,0.003189,1.067883,0.000916,0.340382,0.061337,0.9678466320037842,,9575428,1734061,36.527359,6.614918,false,3.2e-05,0.001771
2,1.0,9,SCALE_RANDOM,0.1,false,false,true,true,1,1,4,0.074009,0.010433,0.003159,1.064862,0.000914,0.337603,0.061305,0.9708995819091797,,9575428,1734061,36.527359,6.614918,false,3.2e-05,0.001758
1,1.0,10,SCALE_RANDOM,0.1,false,false,true,true,1,1,4,0.054166,0.003146,0.001048,1.060994,0.000301,0.073282,0.043114,0.7535865306854248,,2122441,518130,8.09647,1.976509,false,2.5e-05,0.000648
2,1.0,10,SCALE_RANDOM,0.1,false,false,true,true,1,1,4,0.054393,0.003147,0.001056,1.053171,0.000302,0.073798,0.043741,0.7544238567352295,,2122441,518130,8.09647,1.976509,false,2.8e-05,0.000675
1,1.0,12,SCALE_RANDOM,0.1,false,false,true,true,1,1,4,0.004674,0.000948,0.000757,1.065321,8.1e-05,0.011393,0.013624,0.2591736316680908,,2478737,153051,9.455631,0.583843,false,2.1e-05,5e-05
2,1.0,12,SCALE_RANDOM,0.1,false,false,true,true,1,1,4,0.004821,0.001,0.000689,1.06102,8.7e-05,0.011469,0.013741,0.2588186264038086,,2478737,153051,9.455631,0.583843,false,2e-05,5e-05
1,1.0,1,SCALE_RANDOM,0.1,false,false,true,false,1,1,4,0.117665,0.094511,0.021289,1.067826,0.031247,0.0,0.043323,1.5951378345489502,,11833182,11833182,45.140007,45.140007,false,5.8e-05,0.30381
2,1.0,1,SCALE_RANDOM,0.1,false,false,true,false,1,1,4,0.117409,0.094404,0.02136,1.069567,0.031131,0.0,0.042772,1.5834345817565918,,11833182,11833182,45.140007,45.140007,false,5.8e-05,0.303541
1,1.0,3,SCALE_RANDOM,0.1,false,false,true,false,1,1,4,0.034091,0.116653,0.014495,1.072515,0.004239,0.0,0.027936,0.3296957015991211,,4237529,4237529,16.16489,16.16489,false,4e-05,0.000177
2,1.0,3,SCALE_RANDOM,0.1,false,false,true,false,1,1,4,0.034903,0.117329,0.014548,1.07414,0.004309,0.0,0.028094,0.32952117919921875,,4237529,4237529,16.16489,16.16489,false,2.6e-05,0.000185
1,1.0,5,SCALE_RANDOM,0.1,false,false,true,false,1,1,4,0.020251,0.119445,0.022664,1.085833,0.007269,0.0,0.033296,0.3686978816986084,,6693785,6693785,25.534763,25.534763,false,3.3e-05,4.8e-05
2,1.0,5,SCALE_RANDOM,0.1,false,false,true,false,1,1,4,0.020851,0.124883,0.022659,1.081734,0.007583,0.0,0.032951,0.38652515411376953,,6693785,6693785,25.534763,25.534763,false,3.2e-05,4.7e-05
1,1.0,7,SCALE_RANDOM,0.1,false,false,true,false,1,1,4,0.503518,0.117319,0.013806,1.103067,0.010862,0.0,0.064272,0.9809584617614746,,8817246,8817246,33.635124,33.635124,false,3.8e-05,4.5e-05
2,1.0,7,SCALE_RANDOM,0.1,false,false,true,false,1,1,4,0.499158,0.117119,0.013869,1.082717,0.010909,0.0,0.064571,0.9896392822265625,,8817246,8817246,33.635124,33.635124,false,3.8e-05,5.2e-05
1,1.0,9,SCALE_RANDOM,0.1,false,false,true,false,1,1,4,0.073269,0.134439,0.030614,1.081827,0.010249,0.0,0.06144,0.9692673683166504,,9575428,9575428,36.527359,36.527359,false,4e-05,0.002385
2,1.0,9,SCALE_RANDOM,0.1,false,false,true,false,1,1,4,0.075278,0.133631,0.030559,1.08842,0.010028,0.0,0.061766,0.9599499702453613,,9575428,9575428,36.527359,36.527359,false,4.2e-05,0.002344
1,1.0,10,SCALE_RANDOM,0.1,false,false,true,false,1,1,4,0.053827,0.115166,0.006313,1.068286,0.002359,0.0,0.043042,0.7482473850250244,,2122441,2122441,8.09647,8.09647,false,3e-05,0.000854
2,1.0,10,SCALE_RANDOM,0.1,false,false,true,false,1,1,4,0.053983,0.115585,0.006412,1.077731,0.00239,0.0,0.043219,0.7774326801300049,,2122441,2122441,8.09647,8.09647,false,3.3e-05,0.000847
1,1.0,12,SCALE_RANDOM,0.1,false,false,true,false,1,1,4,0.004936,0.11372,0.008972,1.073489,0.00255,0.0,0.013736,0.25928568840026855,,2478737,2478737,9.455631,9.455631,false,2.7e-05,0.000155
2,1.0,12,SCALE_RANDOM,0.1,false,false,true,false,1,1,4,0.0047,0.113471,0.009008,1.076161,0.002578,0.0,0.013823,0.27059435844421387,,2478737,2478737,9.455631,9.455631,false,2.8e-05,0.000161
